--------------------------------------------------------
--  파일이 생성됨 - 일요일-12월-22-2019   
--------------------------------------------------------
--------------------------------------------------------
--  DDL for Sequence FILE_NO
--------------------------------------------------------

   CREATE SEQUENCE  "EDR"."FILE_NO"  MINVALUE 1 MAXVALUE 9999999999999999999999999999 INCREMENT BY 1 START WITH 631 NOCACHE  NOORDER  NOCYCLE ;
--------------------------------------------------------
--  DDL for Sequence SEQ
--------------------------------------------------------

   CREATE SEQUENCE  "EDR"."SEQ"  MINVALUE 1 MAXVALUE 9999999999999999999999999999 INCREMENT BY 1 START WITH 42 NOCACHE  NOORDER  NOCYCLE ;
--------------------------------------------------------
--  DDL for Sequence SEQ_APPLY_NO
--------------------------------------------------------

   CREATE SEQUENCE  "EDR"."SEQ_APPLY_NO"  MINVALUE 1 MAXVALUE 9999999999999999999999999999 INCREMENT BY 1 START WITH 1 NOCACHE  NOORDER  NOCYCLE ;
--------------------------------------------------------
--  DDL for Sequence SEQ_CALC
--------------------------------------------------------

   CREATE SEQUENCE  "EDR"."SEQ_CALC"  MINVALUE 1 MAXVALUE 9999999999999999999999999999 INCREMENT BY 1 START WITH 2 NOCACHE  NOORDER  NOCYCLE ;
--------------------------------------------------------
--  DDL for Sequence SEQ_CP
--------------------------------------------------------

   CREATE SEQUENCE  "EDR"."SEQ_CP"  MINVALUE 1 MAXVALUE 9999999999999999999999999999 INCREMENT BY 1 START WITH 17 NOCACHE  NOORDER  NOCYCLE ;
--------------------------------------------------------
--  DDL for Sequence SEQ_EST
--------------------------------------------------------

   CREATE SEQUENCE  "EDR"."SEQ_EST"  MINVALUE 1 MAXVALUE 9999999999999999999999999999 INCREMENT BY 1 START WITH 2 NOCACHE  NOORDER  NOCYCLE ;
--------------------------------------------------------
--  DDL for Sequence SEQ_FAQ
--------------------------------------------------------

   CREATE SEQUENCE  "EDR"."SEQ_FAQ"  MINVALUE 1 MAXVALUE 9999999999999999999999999999 INCREMENT BY 1 START WITH 1 NOCACHE  NOORDER  NOCYCLE ;
--------------------------------------------------------
--  DDL for Sequence SEQ_GH
--------------------------------------------------------

   CREATE SEQUENCE  "EDR"."SEQ_GH"  MINVALUE 1 MAXVALUE 9999999999999999999999999999 INCREMENT BY 1 START WITH 60 NOCACHE  NOORDER  NOCYCLE ;
--------------------------------------------------------
--  DDL for Sequence SEQ_GP
--------------------------------------------------------

   CREATE SEQUENCE  "EDR"."SEQ_GP"  MINVALUE 1 MAXVALUE 9999999999999999999999999999 INCREMENT BY 1 START WITH 37 NOCACHE  NOORDER  NOCYCLE ;
--------------------------------------------------------
--  DDL for Sequence SEQ_LOCAL
--------------------------------------------------------

   CREATE SEQUENCE  "EDR"."SEQ_LOCAL"  MINVALUE 1 MAXVALUE 9999999999999999999999999999 INCREMENT BY 1 START WITH 1 NOCACHE  NOORDER  NOCYCLE ;
--------------------------------------------------------
--  DDL for Sequence SEQ_MNO
--------------------------------------------------------

   CREATE SEQUENCE  "EDR"."SEQ_MNO"  MINVALUE 1 MAXVALUE 9999999999999999999999999999 INCREMENT BY 1 START WITH 59 NOCACHE  NOORDER  NOCYCLE ;
--------------------------------------------------------
--  DDL for Sequence SEQ_MSG
--------------------------------------------------------

   CREATE SEQUENCE  "EDR"."SEQ_MSG"  MINVALUE 1 MAXVALUE 9999999999999999999999999999 INCREMENT BY 1 START WITH 1 NOCACHE  NOORDER  NOCYCLE ;
--------------------------------------------------------
--  DDL for Sequence SEQ_ODN
--------------------------------------------------------

   CREATE SEQUENCE  "EDR"."SEQ_ODN"  MINVALUE 1 MAXVALUE 9999999999999999999999999999 INCREMENT BY 1 START WITH 16 NOCACHE  NOORDER  NOCYCLE ;
--------------------------------------------------------
--  DDL for Sequence SEQ_ORDER
--------------------------------------------------------

   CREATE SEQUENCE  "EDR"."SEQ_ORDER"  MINVALUE 1 MAXVALUE 9999999999999999999999999999 INCREMENT BY 1 START WITH 16 NOCACHE  NOORDER  NOCYCLE ;
--------------------------------------------------------
--  DDL for Sequence SEQ_ORDER_DETAIL
--------------------------------------------------------

   CREATE SEQUENCE  "EDR"."SEQ_ORDER_DETAIL"  MINVALUE 1 MAXVALUE 9999999999999999999999999999 INCREMENT BY 1 START WITH 1 NOCACHE  NOORDER  NOCYCLE ;
--------------------------------------------------------
--  DDL for Sequence SEQ_PAY
--------------------------------------------------------

   CREATE SEQUENCE  "EDR"."SEQ_PAY"  MINVALUE 1 MAXVALUE 9999999999999999999999999999 INCREMENT BY 1 START WITH 16 NOCACHE  NOORDER  NOCYCLE ;
--------------------------------------------------------
--  DDL for Sequence SEQ_PNO
--------------------------------------------------------

   CREATE SEQUENCE  "EDR"."SEQ_PNO"  MINVALUE 1 MAXVALUE 9999999999999999999999999999 INCREMENT BY 1 START WITH 32 NOCACHE  NOORDER  NOCYCLE ;
--------------------------------------------------------
--  DDL for Sequence SEQ_QNA_NO
--------------------------------------------------------

   CREATE SEQUENCE  "EDR"."SEQ_QNA_NO"  MINVALUE 1 MAXVALUE 9999999999999999999999999999 INCREMENT BY 1 START WITH 1 NOCACHE  NOORDER  NOCYCLE ;
--------------------------------------------------------
--  DDL for Sequence SEQ_QNO
--------------------------------------------------------

   CREATE SEQUENCE  "EDR"."SEQ_QNO"  MINVALUE 1 MAXVALUE 9999999999999999999999999999 INCREMENT BY 1 START WITH 1 NOCACHE  NOORDER  NOCYCLE ;
--------------------------------------------------------
--  DDL for Sequence SEQ_REPORT_NO
--------------------------------------------------------

   CREATE SEQUENCE  "EDR"."SEQ_REPORT_NO"  MINVALUE 1 MAXVALUE 9999999999999999999999999999 INCREMENT BY 1 START WITH 1 NOCACHE  NOORDER  NOCYCLE ;
--------------------------------------------------------
--  DDL for Sequence SEQ_REVIEW
--------------------------------------------------------

   CREATE SEQUENCE  "EDR"."SEQ_REVIEW"  MINVALUE 1 MAXVALUE 9999999999999999999999999999 INCREMENT BY 1 START WITH 2 NOCACHE  NOORDER  NOCYCLE ;
--------------------------------------------------------
--  DDL for Sequence SEQ_RNO
--------------------------------------------------------

   CREATE SEQUENCE  "EDR"."SEQ_RNO"  MINVALUE 1 MAXVALUE 9999999999999999999999999999 INCREMENT BY 1 START WITH 1 NOCACHE  NOORDER  NOCYCLE ;
--------------------------------------------------------
--  DDL for Sequence SEQ_USER_NO
--------------------------------------------------------

   CREATE SEQUENCE  "EDR"."SEQ_USER_NO"  MINVALUE 1 MAXVALUE 9999999999999999999999999999 INCREMENT BY 1 START WITH 1 NOCACHE  NOORDER  NOCYCLE ;
--------------------------------------------------------
--  DDL for Table ATTACHMENT
--------------------------------------------------------

  CREATE TABLE "EDR"."ATTACHMENT" 
   (	"FILE_NO" NUMBER, 
	"ORIGIN_NAME" VARCHAR2(4000 BYTE), 
	"CHANGE_NAME" VARCHAR2(4000 BYTE), 
	"FILE_PATH" VARCHAR2(4000 BYTE), 
	"UPLOAD_DATE" DATE, 
	"TTYPE" VARCHAR2(20 BYTE), 
	"DAY_SEQ" VARCHAR2(30 BYTE), 
	"DAY" NUMBER, 
	"GP_NO" NUMBER, 
	"GP_DAY" NUMBER, 
	"GP_DAY_SEQ" NUMBER, 
	"MNO" NUMBER, 
	"GH_NO" NUMBER, 
	"CP_EST_NO" NUMBER, 
	"PROFILE_YN" VARCHAR2(20 BYTE), 
	"CP_NO" NUMBER, 
	"QNO" NUMBER, 
	"MSG_NO" NUMBER, 
	"RNO" NUMBER
   ) SEGMENT CREATION IMMEDIATE 
  PCTFREE 10 PCTUSED 40 INITRANS 1 MAXTRANS 255 NOCOMPRESS LOGGING
  STORAGE(INITIAL 65536 NEXT 1048576 MINEXTENTS 1 MAXEXTENTS 2147483645
  PCTINCREASE 0 FREELISTS 1 FREELIST GROUPS 1 BUFFER_POOL DEFAULT FLASH_CACHE DEFAULT CELL_FLASH_CACHE DEFAULT)
  TABLESPACE "SYSTEM" ;

   COMMENT ON COLUMN "EDR"."ATTACHMENT"."FILE_NO" IS '파일번호';
   COMMENT ON COLUMN "EDR"."ATTACHMENT"."ORIGIN_NAME" IS '기존파일명';
   COMMENT ON COLUMN "EDR"."ATTACHMENT"."CHANGE_NAME" IS '바뀐파일명';
   COMMENT ON COLUMN "EDR"."ATTACHMENT"."FILE_PATH" IS '파일경로';
   COMMENT ON COLUMN "EDR"."ATTACHMENT"."UPLOAD_DATE" IS '업로드일자';
   COMMENT ON COLUMN "EDR"."ATTACHMENT"."TTYPE" IS '구분';
   COMMENT ON COLUMN "EDR"."ATTACHMENT"."DAY_SEQ" IS '맞춤프로그램일정순서';
   COMMENT ON COLUMN "EDR"."ATTACHMENT"."DAY" IS '맞춤프로그램일차';
   COMMENT ON COLUMN "EDR"."ATTACHMENT"."GP_NO" IS '프로그램번호';
   COMMENT ON COLUMN "EDR"."ATTACHMENT"."GP_DAY" IS '일차';
   COMMENT ON COLUMN "EDR"."ATTACHMENT"."GP_DAY_SEQ" IS '일정순서';
   COMMENT ON COLUMN "EDR"."ATTACHMENT"."MNO" IS '회원번호';
   COMMENT ON COLUMN "EDR"."ATTACHMENT"."GH_NO" IS '신청번호';
   COMMENT ON COLUMN "EDR"."ATTACHMENT"."CP_EST_NO" IS '견적번호';
   COMMENT ON COLUMN "EDR"."ATTACHMENT"."PROFILE_YN" IS '프로필유무';
   COMMENT ON COLUMN "EDR"."ATTACHMENT"."CP_NO" IS '맞춤프로긂번호';
   COMMENT ON COLUMN "EDR"."ATTACHMENT"."QNO" IS '문의번호';
   COMMENT ON COLUMN "EDR"."ATTACHMENT"."MSG_NO" IS '메세지번호';
   COMMENT ON COLUMN "EDR"."ATTACHMENT"."RNO" IS '리뷰번호';
   COMMENT ON TABLE "EDR"."ATTACHMENT"  IS '첨부파일';
--------------------------------------------------------
--  DDL for Table BLACKLIST
--------------------------------------------------------

  CREATE TABLE "EDR"."BLACKLIST" 
   (	"MNO" NUMBER, 
	"BLACKLIST_REASON" VARCHAR2(100 BYTE), 
	"BLACKLIST_DATE" DATE, 
	"RELEASE_DATE" DATE
   ) SEGMENT CREATION IMMEDIATE 
  PCTFREE 10 PCTUSED 40 INITRANS 1 MAXTRANS 255 NOCOMPRESS LOGGING
  STORAGE(INITIAL 65536 NEXT 1048576 MINEXTENTS 1 MAXEXTENTS 2147483645
  PCTINCREASE 0 FREELISTS 1 FREELIST GROUPS 1 BUFFER_POOL DEFAULT FLASH_CACHE DEFAULT CELL_FLASH_CACHE DEFAULT)
  TABLESPACE "SYSTEM" ;

   COMMENT ON COLUMN "EDR"."BLACKLIST"."MNO" IS '회원번호';
   COMMENT ON COLUMN "EDR"."BLACKLIST"."BLACKLIST_REASON" IS '블랙리스트사유';
   COMMENT ON COLUMN "EDR"."BLACKLIST"."BLACKLIST_DATE" IS '등록일자';
   COMMENT ON COLUMN "EDR"."BLACKLIST"."RELEASE_DATE" IS '해제일자';
   COMMENT ON TABLE "EDR"."BLACKLIST"  IS '블랙리스트이력';
--------------------------------------------------------
--  DDL for Table CALC
--------------------------------------------------------

  CREATE TABLE "EDR"."CALC" 
   (	"CALC_NO" NUMBER, 
	"MNO" NUMBER, 
	"ORDER_DETAIL_NO" NUMBER, 
	"CALC_COST" NUMBER, 
	"CALC_DATE" DATE, 
	"CALC_PAYMENT" DATE, 
	"CALC_CHANGE" DATE, 
	"CALC_STATE" VARCHAR2(20 BYTE)
   ) SEGMENT CREATION IMMEDIATE 
  PCTFREE 10 PCTUSED 40 INITRANS 1 MAXTRANS 255 NOCOMPRESS LOGGING
  STORAGE(INITIAL 65536 NEXT 1048576 MINEXTENTS 1 MAXEXTENTS 2147483645
  PCTINCREASE 0 FREELISTS 1 FREELIST GROUPS 1 BUFFER_POOL DEFAULT FLASH_CACHE DEFAULT CELL_FLASH_CACHE DEFAULT)
  TABLESPACE "SYSTEM" ;

   COMMENT ON COLUMN "EDR"."CALC"."CALC_NO" IS '정산번호';
   COMMENT ON COLUMN "EDR"."CALC"."MNO" IS '회원번호';
   COMMENT ON COLUMN "EDR"."CALC"."ORDER_DETAIL_NO" IS '주문상세번호';
   COMMENT ON COLUMN "EDR"."CALC"."CALC_COST" IS '정산금액';
   COMMENT ON COLUMN "EDR"."CALC"."CALC_DATE" IS '정산신청일';
   COMMENT ON COLUMN "EDR"."CALC"."CALC_PAYMENT" IS '정산지급일';
   COMMENT ON COLUMN "EDR"."CALC"."CALC_CHANGE" IS '변경일자';
   COMMENT ON COLUMN "EDR"."CALC"."CALC_STATE" IS '상태';
   COMMENT ON TABLE "EDR"."CALC"  IS '정산';
--------------------------------------------------------
--  DDL for Table CP_GUIDE_DETAIL
--------------------------------------------------------

  CREATE TABLE "EDR"."CP_GUIDE_DETAIL" 
   (	"CP_EST_NO" NUMBER, 
	"CP_DAY" NUMBER, 
	"CP_AREA" VARCHAR2(50 BYTE), 
	"CP_TIME" NUMBER, 
	"CP_CNT" VARCHAR2(3000 BYTE)
   ) SEGMENT CREATION IMMEDIATE 
  PCTFREE 10 PCTUSED 40 INITRANS 1 MAXTRANS 255 NOCOMPRESS LOGGING
  STORAGE(INITIAL 65536 NEXT 1048576 MINEXTENTS 1 MAXEXTENTS 2147483645
  PCTINCREASE 0 FREELISTS 1 FREELIST GROUPS 1 BUFFER_POOL DEFAULT FLASH_CACHE DEFAULT CELL_FLASH_CACHE DEFAULT)
  TABLESPACE "SYSTEM" ;

   COMMENT ON COLUMN "EDR"."CP_GUIDE_DETAIL"."CP_EST_NO" IS '견적번호';
   COMMENT ON COLUMN "EDR"."CP_GUIDE_DETAIL"."CP_DAY" IS '맞춤프로그램일차';
   COMMENT ON COLUMN "EDR"."CP_GUIDE_DETAIL"."CP_AREA" IS '장소';
   COMMENT ON COLUMN "EDR"."CP_GUIDE_DETAIL"."CP_TIME" IS '소요시간';
   COMMENT ON COLUMN "EDR"."CP_GUIDE_DETAIL"."CP_CNT" IS '내용';
   COMMENT ON TABLE "EDR"."CP_GUIDE_DETAIL"  IS '맞춤가이드별상세일정';
--------------------------------------------------------
--  DDL for Table CP_GUIDE_EST
--------------------------------------------------------

  CREATE TABLE "EDR"."CP_GUIDE_EST" 
   (	"CP_EST_NO" NUMBER, 
	"CP_NO" NUMBER, 
	"MNO" NUMBER, 
	"TOTAL_COST" VARCHAR2(50 BYTE), 
	"MEET_TIME" DATE, 
	"MEET_AREA" VARCHAR2(100 BYTE), 
	"UNIQUENESS" VARCHAR2(2000 BYTE), 
	"STATUS" VARCHAR2(20 BYTE)
   ) SEGMENT CREATION IMMEDIATE 
  PCTFREE 10 PCTUSED 40 INITRANS 1 MAXTRANS 255 NOCOMPRESS LOGGING
  STORAGE(INITIAL 65536 NEXT 1048576 MINEXTENTS 1 MAXEXTENTS 2147483645
  PCTINCREASE 0 FREELISTS 1 FREELIST GROUPS 1 BUFFER_POOL DEFAULT FLASH_CACHE DEFAULT CELL_FLASH_CACHE DEFAULT)
  TABLESPACE "SYSTEM" ;

   COMMENT ON COLUMN "EDR"."CP_GUIDE_EST"."CP_EST_NO" IS '견적번호';
   COMMENT ON COLUMN "EDR"."CP_GUIDE_EST"."CP_NO" IS '신청번호';
   COMMENT ON COLUMN "EDR"."CP_GUIDE_EST"."MNO" IS '회원번호';
   COMMENT ON COLUMN "EDR"."CP_GUIDE_EST"."TOTAL_COST" IS '총금액';
   COMMENT ON COLUMN "EDR"."CP_GUIDE_EST"."MEET_TIME" IS '만나는시간';
   COMMENT ON COLUMN "EDR"."CP_GUIDE_EST"."MEET_AREA" IS '만나는장소';
   COMMENT ON COLUMN "EDR"."CP_GUIDE_EST"."UNIQUENESS" IS '특이사항';
   COMMENT ON COLUMN "EDR"."CP_GUIDE_EST"."STATUS" IS '상태';
   COMMENT ON TABLE "EDR"."CP_GUIDE_EST"  IS '맞춤프로그램가이드별견적';
--------------------------------------------------------
--  DDL for Table CP_LANG
--------------------------------------------------------

  CREATE TABLE "EDR"."CP_LANG" 
   (	"LANG" VARCHAR2(100 BYTE), 
	"CP_NO" NUMBER
   ) SEGMENT CREATION IMMEDIATE 
  PCTFREE 10 PCTUSED 40 INITRANS 1 MAXTRANS 255 NOCOMPRESS LOGGING
  STORAGE(INITIAL 65536 NEXT 1048576 MINEXTENTS 1 MAXEXTENTS 2147483645
  PCTINCREASE 0 FREELISTS 1 FREELIST GROUPS 1 BUFFER_POOL DEFAULT FLASH_CACHE DEFAULT CELL_FLASH_CACHE DEFAULT)
  TABLESPACE "SYSTEM" ;

   COMMENT ON COLUMN "EDR"."CP_LANG"."LANG" IS '언어명';
   COMMENT ON COLUMN "EDR"."CP_LANG"."CP_NO" IS '신청번호';
   COMMENT ON TABLE "EDR"."CP_LANG"  IS '맞춤프로그램가능언어';
--------------------------------------------------------
--  DDL for Table CP_PRICEDETAIL
--------------------------------------------------------

  CREATE TABLE "EDR"."CP_PRICEDETAIL" 
   (	"CP_EST_NO" NUMBER, 
	"CP_CATEGORY" VARCHAR2(100 BYTE), 
	"CP_PRICE" NUMBER, 
	"CP_INC" VARCHAR2(20 BYTE)
   ) SEGMENT CREATION IMMEDIATE 
  PCTFREE 10 PCTUSED 40 INITRANS 1 MAXTRANS 255 NOCOMPRESS LOGGING
  STORAGE(INITIAL 65536 NEXT 1048576 MINEXTENTS 1 MAXEXTENTS 2147483645
  PCTINCREASE 0 FREELISTS 1 FREELIST GROUPS 1 BUFFER_POOL DEFAULT FLASH_CACHE DEFAULT CELL_FLASH_CACHE DEFAULT)
  TABLESPACE "SYSTEM" ;

   COMMENT ON COLUMN "EDR"."CP_PRICEDETAIL"."CP_EST_NO" IS '견적번호';
   COMMENT ON COLUMN "EDR"."CP_PRICEDETAIL"."CP_CATEGORY" IS '항목';
   COMMENT ON COLUMN "EDR"."CP_PRICEDETAIL"."CP_PRICE" IS '가격';
   COMMENT ON COLUMN "EDR"."CP_PRICEDETAIL"."CP_INC" IS '구분';
   COMMENT ON TABLE "EDR"."CP_PRICEDETAIL"  IS '맞춤추가요소';
--------------------------------------------------------
--  DDL for Table CP_REQUEST
--------------------------------------------------------

  CREATE TABLE "EDR"."CP_REQUEST" 
   (	"CP_NO" NUMBER, 
	"MNO" NUMBER, 
	"CP_DATE" DATE, 
	"CP_TITLE" VARCHAR2(2000 BYTE), 
	"CP_CNT" VARCHAR2(4000 BYTE), 
	"CP_PERSON" NUMBER, 
	"CP_SDATE" DATE, 
	"CP_EDATE" DATE, 
	"CP_COST" NUMBER, 
	"CP_GENDER" VARCHAR2(5 BYTE), 
	"CP_AGE" VARCHAR2(10 BYTE), 
	"CP_STATE" VARCHAR2(30 BYTE) DEFAULT 'WAIT', 
	"LOCAL_NO" NUMBER, 
	"CP_AREA" VARCHAR2(100 BYTE)
   ) SEGMENT CREATION IMMEDIATE 
  PCTFREE 10 PCTUSED 40 INITRANS 1 MAXTRANS 255 NOCOMPRESS LOGGING
  STORAGE(INITIAL 65536 NEXT 1048576 MINEXTENTS 1 MAXEXTENTS 2147483645
  PCTINCREASE 0 FREELISTS 1 FREELIST GROUPS 1 BUFFER_POOL DEFAULT FLASH_CACHE DEFAULT CELL_FLASH_CACHE DEFAULT)
  TABLESPACE "SYSTEM" ;

   COMMENT ON COLUMN "EDR"."CP_REQUEST"."CP_NO" IS '신청번호';
   COMMENT ON COLUMN "EDR"."CP_REQUEST"."MNO" IS '회원번호';
   COMMENT ON COLUMN "EDR"."CP_REQUEST"."CP_DATE" IS '신청일시';
   COMMENT ON COLUMN "EDR"."CP_REQUEST"."CP_TITLE" IS '제목';
   COMMENT ON COLUMN "EDR"."CP_REQUEST"."CP_CNT" IS '내용';
   COMMENT ON COLUMN "EDR"."CP_REQUEST"."CP_PERSON" IS '팀인원수';
   COMMENT ON COLUMN "EDR"."CP_REQUEST"."CP_SDATE" IS '시작날짜';
   COMMENT ON COLUMN "EDR"."CP_REQUEST"."CP_EDATE" IS '종료날짜';
   COMMENT ON COLUMN "EDR"."CP_REQUEST"."CP_COST" IS '최대가능금액';
   COMMENT ON COLUMN "EDR"."CP_REQUEST"."CP_GENDER" IS '가이드성별';
   COMMENT ON COLUMN "EDR"."CP_REQUEST"."CP_AGE" IS '가이드나이대';
   COMMENT ON COLUMN "EDR"."CP_REQUEST"."CP_STATE" IS '상태';
   COMMENT ON COLUMN "EDR"."CP_REQUEST"."LOCAL_NO" IS '지역번호';
   COMMENT ON COLUMN "EDR"."CP_REQUEST"."CP_AREA" IS '요구지역';
   COMMENT ON TABLE "EDR"."CP_REQUEST"  IS '맞춤프로그램신청';
--------------------------------------------------------
--  DDL for Table FAQ
--------------------------------------------------------

  CREATE TABLE "EDR"."FAQ" 
   (	"FAQ_NO" NUMBER, 
	"FAQ_TITLE" VARCHAR2(100 BYTE), 
	"FAQ_CNT" VARCHAR2(100 BYTE)
   ) SEGMENT CREATION IMMEDIATE 
  PCTFREE 10 PCTUSED 40 INITRANS 1 MAXTRANS 255 NOCOMPRESS LOGGING
  STORAGE(INITIAL 65536 NEXT 1048576 MINEXTENTS 1 MAXEXTENTS 2147483645
  PCTINCREASE 0 FREELISTS 1 FREELIST GROUPS 1 BUFFER_POOL DEFAULT FLASH_CACHE DEFAULT CELL_FLASH_CACHE DEFAULT)
  TABLESPACE "SYSTEM" ;

   COMMENT ON COLUMN "EDR"."FAQ"."FAQ_NO" IS '질문번호';
   COMMENT ON COLUMN "EDR"."FAQ"."FAQ_TITLE" IS '제목';
   COMMENT ON COLUMN "EDR"."FAQ"."FAQ_CNT" IS '내용';
   COMMENT ON TABLE "EDR"."FAQ"  IS 'FAQ';
--------------------------------------------------------
--  DDL for Table GD_LOCAL
--------------------------------------------------------

  CREATE TABLE "EDR"."GD_LOCAL" 
   (	"MNO" NUMBER, 
	"LOCAL_NO" NUMBER
   ) SEGMENT CREATION IMMEDIATE 
  PCTFREE 10 PCTUSED 40 INITRANS 1 MAXTRANS 255 NOCOMPRESS LOGGING
  STORAGE(INITIAL 65536 NEXT 1048576 MINEXTENTS 1 MAXEXTENTS 2147483645
  PCTINCREASE 0 FREELISTS 1 FREELIST GROUPS 1 BUFFER_POOL DEFAULT FLASH_CACHE DEFAULT CELL_FLASH_CACHE DEFAULT)
  TABLESPACE "SYSTEM" ;

   COMMENT ON COLUMN "EDR"."GD_LOCAL"."MNO" IS '회원번호';
   COMMENT ON COLUMN "EDR"."GD_LOCAL"."LOCAL_NO" IS '지역번호';
   COMMENT ON TABLE "EDR"."GD_LOCAL"  IS '가이드활동지역';
--------------------------------------------------------
--  DDL for Table GP
--------------------------------------------------------

  CREATE TABLE "EDR"."GP" 
   (	"GP_NO" NUMBER, 
	"GP_NAME" VARCHAR2(2000 BYTE), 
	"GP_DESCR" VARCHAR2(2000 BYTE), 
	"GP_MIN" NUMBER, 
	"GP_MAX" NUMBER, 
	"GP_COST" NUMBER, 
	"GP_NOTICE" VARCHAR2(2000 BYTE), 
	"GP_MEET_TIME" VARCHAR2(100 BYTE), 
	"GP_MEET_AREA" VARCHAR2(500 BYTE), 
	"ALLOW_YN" VARCHAR2(5 BYTE) DEFAULT 'N', 
	"MNO" NUMBER, 
	"LOCAL_NO" NUMBER, 
	"GP_MEET_X" NUMBER, 
	"GP_MEET_Y" NUMBER, 
	"GP_TDAY" NUMBER, 
	"GP_RDAY" DATE, 
	"STATE" VARCHAR2(20 BYTE) DEFAULT 'N'
   ) SEGMENT CREATION IMMEDIATE 
  PCTFREE 10 PCTUSED 40 INITRANS 1 MAXTRANS 255 NOCOMPRESS LOGGING
  STORAGE(INITIAL 65536 NEXT 1048576 MINEXTENTS 1 MAXEXTENTS 2147483645
  PCTINCREASE 0 FREELISTS 1 FREELIST GROUPS 1 BUFFER_POOL DEFAULT FLASH_CACHE DEFAULT CELL_FLASH_CACHE DEFAULT)
  TABLESPACE "SYSTEM" ;

   COMMENT ON COLUMN "EDR"."GP"."GP_NO" IS '프로그램번호';
   COMMENT ON COLUMN "EDR"."GP"."GP_NAME" IS '프로그램명';
   COMMENT ON COLUMN "EDR"."GP"."GP_DESCR" IS '프로그램설명';
   COMMENT ON COLUMN "EDR"."GP"."GP_MIN" IS '최소인원';
   COMMENT ON COLUMN "EDR"."GP"."GP_MAX" IS '최대인원';
   COMMENT ON COLUMN "EDR"."GP"."GP_COST" IS '총비용';
   COMMENT ON COLUMN "EDR"."GP"."GP_NOTICE" IS '공지사항';
   COMMENT ON COLUMN "EDR"."GP"."GP_MEET_TIME" IS '만나는시간';
   COMMENT ON COLUMN "EDR"."GP"."GP_MEET_AREA" IS '만나는장소';
   COMMENT ON COLUMN "EDR"."GP"."ALLOW_YN" IS '승인여부';
   COMMENT ON COLUMN "EDR"."GP"."MNO" IS '회원번호';
   COMMENT ON COLUMN "EDR"."GP"."LOCAL_NO" IS '지역번호';
   COMMENT ON COLUMN "EDR"."GP"."GP_MEET_X" IS 'X좌표';
   COMMENT ON COLUMN "EDR"."GP"."GP_MEET_Y" IS 'Y좌표';
   COMMENT ON COLUMN "EDR"."GP"."GP_TDAY" IS '총기간';
   COMMENT ON COLUMN "EDR"."GP"."GP_RDAY" IS '등록된 일자';
   COMMENT ON COLUMN "EDR"."GP"."STATE" IS '삭제여부';
   COMMENT ON TABLE "EDR"."GP"  IS '일반프로그램';
--------------------------------------------------------
--  DDL for Table GP_DETAIL
--------------------------------------------------------

  CREATE TABLE "EDR"."GP_DETAIL" 
   (	"GP_NO" NUMBER, 
	"GP_DAY" NUMBER, 
	"GP_DAY_SEQ" NUMBER, 
	"GP_LOCATION" VARCHAR2(500 BYTE), 
	"GP_TIME" NUMBER, 
	"GP_CNT" VARCHAR2(4000 BYTE)
   ) SEGMENT CREATION IMMEDIATE 
  PCTFREE 10 PCTUSED 40 INITRANS 1 MAXTRANS 255 NOCOMPRESS LOGGING
  STORAGE(INITIAL 65536 NEXT 1048576 MINEXTENTS 1 MAXEXTENTS 2147483645
  PCTINCREASE 0 FREELISTS 1 FREELIST GROUPS 1 BUFFER_POOL DEFAULT FLASH_CACHE DEFAULT CELL_FLASH_CACHE DEFAULT)
  TABLESPACE "SYSTEM" ;

   COMMENT ON COLUMN "EDR"."GP_DETAIL"."GP_NO" IS '프로그램번호';
   COMMENT ON COLUMN "EDR"."GP_DETAIL"."GP_DAY" IS '일차';
   COMMENT ON COLUMN "EDR"."GP_DETAIL"."GP_DAY_SEQ" IS '일정순서';
   COMMENT ON COLUMN "EDR"."GP_DETAIL"."GP_LOCATION" IS '장소';
   COMMENT ON COLUMN "EDR"."GP_DETAIL"."GP_TIME" IS '소요시간';
   COMMENT ON COLUMN "EDR"."GP_DETAIL"."GP_CNT" IS '내용';
   COMMENT ON TABLE "EDR"."GP_DETAIL"  IS '일반상세일정';
--------------------------------------------------------
--  DDL for Table GP_LANG
--------------------------------------------------------

  CREATE TABLE "EDR"."GP_LANG" 
   (	"LANG" VARCHAR2(300 BYTE), 
	"GP_NO" NUMBER
   ) SEGMENT CREATION IMMEDIATE 
  PCTFREE 10 PCTUSED 40 INITRANS 1 MAXTRANS 255 NOCOMPRESS LOGGING
  STORAGE(INITIAL 65536 NEXT 1048576 MINEXTENTS 1 MAXEXTENTS 2147483645
  PCTINCREASE 0 FREELISTS 1 FREELIST GROUPS 1 BUFFER_POOL DEFAULT FLASH_CACHE DEFAULT CELL_FLASH_CACHE DEFAULT)
  TABLESPACE "SYSTEM" ;

   COMMENT ON COLUMN "EDR"."GP_LANG"."LANG" IS '언어명';
   COMMENT ON COLUMN "EDR"."GP_LANG"."GP_NO" IS '프로그램번호';
   COMMENT ON TABLE "EDR"."GP_LANG"  IS '일반프로그램가능언어';
--------------------------------------------------------
--  DDL for Table GP_PRICEDETAIL
--------------------------------------------------------

  CREATE TABLE "EDR"."GP_PRICEDETAIL" 
   (	"GP_CATEGORY" VARCHAR2(500 BYTE), 
	"GP_NO" NUMBER, 
	"GP_PRICE" NUMBER, 
	"GP_INC" VARCHAR2(20 BYTE)
   ) SEGMENT CREATION IMMEDIATE 
  PCTFREE 10 PCTUSED 40 INITRANS 1 MAXTRANS 255 NOCOMPRESS LOGGING
  STORAGE(INITIAL 65536 NEXT 1048576 MINEXTENTS 1 MAXEXTENTS 2147483645
  PCTINCREASE 0 FREELISTS 1 FREELIST GROUPS 1 BUFFER_POOL DEFAULT FLASH_CACHE DEFAULT CELL_FLASH_CACHE DEFAULT)
  TABLESPACE "SYSTEM" ;

   COMMENT ON COLUMN "EDR"."GP_PRICEDETAIL"."GP_CATEGORY" IS '항목';
   COMMENT ON COLUMN "EDR"."GP_PRICEDETAIL"."GP_NO" IS '프로그램번호';
   COMMENT ON COLUMN "EDR"."GP_PRICEDETAIL"."GP_PRICE" IS '가격';
   COMMENT ON COLUMN "EDR"."GP_PRICEDETAIL"."GP_INC" IS '구분';
   COMMENT ON TABLE "EDR"."GP_PRICEDETAIL"  IS '일반추가요소';
--------------------------------------------------------
--  DDL for Table GUIDE_DETAIL
--------------------------------------------------------

  CREATE TABLE "EDR"."GUIDE_DETAIL" 
   (	"MNO" NUMBER, 
	"GNAME" VARCHAR2(20 BYTE), 
	"KAKAO_ID" VARCHAR2(500 BYTE), 
	"PHONE" VARCHAR2(20 BYTE), 
	"PHONE2" VARCHAR2(20 BYTE), 
	"ADDRESS" VARCHAR2(4000 BYTE), 
	"LANG" VARCHAR2(30 BYTE), 
	"PERIOD" NUMBER, 
	"INTRODUCE" VARCHAR2(4000 BYTE), 
	"BANK_NAME" VARCHAR2(500 BYTE), 
	"ACCOUNT_NO" VARCHAR2(4000 BYTE), 
	"ACCOUNT_NAME" VARCHAR2(4000 BYTE), 
	"EXP_YN" VARCHAR2(5 BYTE), 
	"TB_BAN" VARCHAR2(5 BYTE) DEFAULT 'N'
   ) SEGMENT CREATION IMMEDIATE 
  PCTFREE 10 PCTUSED 40 INITRANS 1 MAXTRANS 255 NOCOMPRESS LOGGING
  STORAGE(INITIAL 65536 NEXT 1048576 MINEXTENTS 1 MAXEXTENTS 2147483645
  PCTINCREASE 0 FREELISTS 1 FREELIST GROUPS 1 BUFFER_POOL DEFAULT FLASH_CACHE DEFAULT CELL_FLASH_CACHE DEFAULT)
  TABLESPACE "SYSTEM" ;

   COMMENT ON COLUMN "EDR"."GUIDE_DETAIL"."MNO" IS '회원번호';
   COMMENT ON COLUMN "EDR"."GUIDE_DETAIL"."GNAME" IS '이름';
   COMMENT ON COLUMN "EDR"."GUIDE_DETAIL"."KAKAO_ID" IS '카카오톡ID';
   COMMENT ON COLUMN "EDR"."GUIDE_DETAIL"."PHONE" IS '전화번호';
   COMMENT ON COLUMN "EDR"."GUIDE_DETAIL"."PHONE2" IS '비상연락망';
   COMMENT ON COLUMN "EDR"."GUIDE_DETAIL"."ADDRESS" IS '주소';
   COMMENT ON COLUMN "EDR"."GUIDE_DETAIL"."LANG" IS '가능언어';
   COMMENT ON COLUMN "EDR"."GUIDE_DETAIL"."PERIOD" IS '거주기간';
   COMMENT ON COLUMN "EDR"."GUIDE_DETAIL"."INTRODUCE" IS '소개';
   COMMENT ON COLUMN "EDR"."GUIDE_DETAIL"."BANK_NAME" IS '은행명';
   COMMENT ON COLUMN "EDR"."GUIDE_DETAIL"."ACCOUNT_NO" IS '정산계좌';
   COMMENT ON COLUMN "EDR"."GUIDE_DETAIL"."ACCOUNT_NAME" IS '예금주';
   COMMENT ON COLUMN "EDR"."GUIDE_DETAIL"."EXP_YN" IS '가이드경험유무';
   COMMENT ON COLUMN "EDR"."GUIDE_DETAIL"."TB_BAN" IS '해외결격사유';
   COMMENT ON TABLE "EDR"."GUIDE_DETAIL"  IS '가이드추가정보';
--------------------------------------------------------
--  DDL for Table GUIDE_HISTORY
--------------------------------------------------------

  CREATE TABLE "EDR"."GUIDE_HISTORY" 
   (	"GH_NO" NUMBER, 
	"MNO" NUMBER, 
	"GH_DATE" DATE, 
	"INTERVIEW_YN" VARCHAR2(30 BYTE) DEFAULT 'N', 
	"INTERVIEW_DATE" DATE, 
	"INTERVIEW_TIME" VARCHAR2(70 BYTE), 
	"GH_STATE" VARCHAR2(20 BYTE) DEFAULT 'WAIT'
   ) SEGMENT CREATION IMMEDIATE 
  PCTFREE 10 PCTUSED 40 INITRANS 1 MAXTRANS 255 NOCOMPRESS LOGGING
  STORAGE(INITIAL 65536 NEXT 1048576 MINEXTENTS 1 MAXEXTENTS 2147483645
  PCTINCREASE 0 FREELISTS 1 FREELIST GROUPS 1 BUFFER_POOL DEFAULT FLASH_CACHE DEFAULT CELL_FLASH_CACHE DEFAULT)
  TABLESPACE "SYSTEM" ;

   COMMENT ON COLUMN "EDR"."GUIDE_HISTORY"."GH_NO" IS '신청번호';
   COMMENT ON COLUMN "EDR"."GUIDE_HISTORY"."MNO" IS '회원번호';
   COMMENT ON COLUMN "EDR"."GUIDE_HISTORY"."GH_DATE" IS '이력발생일자';
   COMMENT ON COLUMN "EDR"."GUIDE_HISTORY"."INTERVIEW_YN" IS '인터뷰여부';
   COMMENT ON COLUMN "EDR"."GUIDE_HISTORY"."INTERVIEW_DATE" IS '인터뷰날짜';
   COMMENT ON COLUMN "EDR"."GUIDE_HISTORY"."INTERVIEW_TIME" IS '인터뷰시간';
   COMMENT ON COLUMN "EDR"."GUIDE_HISTORY"."GH_STATE" IS '구분';
   COMMENT ON TABLE "EDR"."GUIDE_HISTORY"  IS '가이드신청이력';
--------------------------------------------------------
--  DDL for Table GUIDE_LOCAL
--------------------------------------------------------

  CREATE TABLE "EDR"."GUIDE_LOCAL" 
   (	"MNO" NUMBER, 
	"LOCAL_NO" NUMBER
   ) SEGMENT CREATION IMMEDIATE 
  PCTFREE 10 PCTUSED 40 INITRANS 1 MAXTRANS 255 NOCOMPRESS LOGGING
  STORAGE(INITIAL 65536 NEXT 1048576 MINEXTENTS 1 MAXEXTENTS 2147483645
  PCTINCREASE 0 FREELISTS 1 FREELIST GROUPS 1 BUFFER_POOL DEFAULT FLASH_CACHE DEFAULT CELL_FLASH_CACHE DEFAULT)
  TABLESPACE "SYSTEM" ;

   COMMENT ON COLUMN "EDR"."GUIDE_LOCAL"."MNO" IS '회원번호';
   COMMENT ON COLUMN "EDR"."GUIDE_LOCAL"."LOCAL_NO" IS '지역번호';
   COMMENT ON TABLE "EDR"."GUIDE_LOCAL"  IS '가이드활동지역';
--------------------------------------------------------
--  DDL for Table LOCAL
--------------------------------------------------------

  CREATE TABLE "EDR"."LOCAL" 
   (	"LOCAL_NAME" VARCHAR2(50 BYTE), 
	"LOCAL_NO" NUMBER
   ) SEGMENT CREATION IMMEDIATE 
  PCTFREE 10 PCTUSED 40 INITRANS 1 MAXTRANS 255 NOCOMPRESS LOGGING
  STORAGE(INITIAL 65536 NEXT 1048576 MINEXTENTS 1 MAXEXTENTS 2147483645
  PCTINCREASE 0 FREELISTS 1 FREELIST GROUPS 1 BUFFER_POOL DEFAULT FLASH_CACHE DEFAULT CELL_FLASH_CACHE DEFAULT)
  TABLESPACE "SYSTEM" ;

   COMMENT ON COLUMN "EDR"."LOCAL"."LOCAL_NAME" IS '지역명';
   COMMENT ON COLUMN "EDR"."LOCAL"."LOCAL_NO" IS '지역번호';
   COMMENT ON TABLE "EDR"."LOCAL"  IS '지역';
--------------------------------------------------------
--  DDL for Table MEMBER
--------------------------------------------------------

  CREATE TABLE "EDR"."MEMBER" 
   (	"MNO" NUMBER, 
	"NICKNAME" VARCHAR2(20 BYTE), 
	"EMAIL" VARCHAR2(50 BYTE), 
	"MPWD" VARCHAR2(500 BYTE), 
	"MGENDER" VARCHAR2(5 BYTE), 
	"MBIRTH" VARCHAR2(20 BYTE), 
	"WCOUNT" NUMBER DEFAULT 0, 
	"BANK_NAME" VARCHAR2(20 BYTE), 
	"ACCOUNT_NAME" VARCHAR2(50 BYTE), 
	"ACCOUNT_NO" VARCHAR2(50 BYTE), 
	"ENROLL_DATE" DATE, 
	"EMAIL_YN" VARCHAR2(5 BYTE) DEFAULT 'N', 
	"MODIFY_YN" VARCHAR2(10 BYTE) DEFAULT 'N', 
	"MODIFY_DATE" DATE, 
	"MTYPE" VARCHAR2(10 BYTE) DEFAULT 'TOURIST'
   ) SEGMENT CREATION IMMEDIATE 
  PCTFREE 10 PCTUSED 40 INITRANS 1 MAXTRANS 255 NOCOMPRESS LOGGING
  STORAGE(INITIAL 65536 NEXT 1048576 MINEXTENTS 1 MAXEXTENTS 2147483645
  PCTINCREASE 0 FREELISTS 1 FREELIST GROUPS 1 BUFFER_POOL DEFAULT FLASH_CACHE DEFAULT CELL_FLASH_CACHE DEFAULT)
  TABLESPACE "SYSTEM" ;

   COMMENT ON COLUMN "EDR"."MEMBER"."MNO" IS '회원번호';
   COMMENT ON COLUMN "EDR"."MEMBER"."NICKNAME" IS '활동명';
   COMMENT ON COLUMN "EDR"."MEMBER"."EMAIL" IS '이메일';
   COMMENT ON COLUMN "EDR"."MEMBER"."MPWD" IS '비밀번호';
   COMMENT ON COLUMN "EDR"."MEMBER"."MGENDER" IS '성별';
   COMMENT ON COLUMN "EDR"."MEMBER"."MBIRTH" IS '생년';
   COMMENT ON COLUMN "EDR"."MEMBER"."WCOUNT" IS '경고횟수';
   COMMENT ON COLUMN "EDR"."MEMBER"."BANK_NAME" IS '은행명';
   COMMENT ON COLUMN "EDR"."MEMBER"."ACCOUNT_NAME" IS '예금주명';
   COMMENT ON COLUMN "EDR"."MEMBER"."ACCOUNT_NO" IS '계좌번호';
   COMMENT ON COLUMN "EDR"."MEMBER"."ENROLL_DATE" IS '가입일';
   COMMENT ON COLUMN "EDR"."MEMBER"."EMAIL_YN" IS '이메일인증여부';
   COMMENT ON COLUMN "EDR"."MEMBER"."MODIFY_YN" IS '탈퇴여부';
   COMMENT ON COLUMN "EDR"."MEMBER"."MODIFY_DATE" IS '탈퇴일';
   COMMENT ON COLUMN "EDR"."MEMBER"."MTYPE" IS '이용자권한';
   COMMENT ON TABLE "EDR"."MEMBER"  IS '이용자';
--------------------------------------------------------
--  DDL for Table MESSAGE
--------------------------------------------------------

  CREATE TABLE "EDR"."MESSAGE" 
   (	"MSG_NO" NUMBER, 
	"MSG_NAME" VARCHAR2(100 BYTE), 
	"MSG_CNT" VARCHAR2(500 BYTE), 
	"SENDER" NUMBER, 
	"RECEIVER" NUMBER
   ) SEGMENT CREATION IMMEDIATE 
  PCTFREE 10 PCTUSED 40 INITRANS 1 MAXTRANS 255 NOCOMPRESS LOGGING
  STORAGE(INITIAL 65536 NEXT 1048576 MINEXTENTS 1 MAXEXTENTS 2147483645
  PCTINCREASE 0 FREELISTS 1 FREELIST GROUPS 1 BUFFER_POOL DEFAULT FLASH_CACHE DEFAULT CELL_FLASH_CACHE DEFAULT)
  TABLESPACE "SYSTEM" ;

   COMMENT ON COLUMN "EDR"."MESSAGE"."MSG_NO" IS '메세지번호';
   COMMENT ON COLUMN "EDR"."MESSAGE"."MSG_NAME" IS '메세지제목';
   COMMENT ON COLUMN "EDR"."MESSAGE"."MSG_CNT" IS '메세지내용';
   COMMENT ON COLUMN "EDR"."MESSAGE"."SENDER" IS '보내는사람';
   COMMENT ON COLUMN "EDR"."MESSAGE"."RECEIVER" IS '받는사람';
   COMMENT ON TABLE "EDR"."MESSAGE"  IS '메세지';
--------------------------------------------------------
--  DDL for Table ORDERLIST
--------------------------------------------------------

  CREATE TABLE "EDR"."ORDERLIST" 
   (	"ORDER_NO" NUMBER, 
	"PNO" NUMBER, 
	"MNO" NUMBER, 
	"ORDER_NAME" VARCHAR2(50 BYTE), 
	"ORDER_PHONE" VARCHAR2(50 BYTE), 
	"ORDER_EMAIL" VARCHAR2(70 BYTE), 
	"ORDER_CODE" NUMBER
   ) SEGMENT CREATION IMMEDIATE 
  PCTFREE 10 PCTUSED 40 INITRANS 1 MAXTRANS 255 NOCOMPRESS LOGGING
  STORAGE(INITIAL 65536 NEXT 1048576 MINEXTENTS 1 MAXEXTENTS 2147483645
  PCTINCREASE 0 FREELISTS 1 FREELIST GROUPS 1 BUFFER_POOL DEFAULT FLASH_CACHE DEFAULT CELL_FLASH_CACHE DEFAULT)
  TABLESPACE "SYSTEM" ;

   COMMENT ON COLUMN "EDR"."ORDERLIST"."ORDER_NO" IS '주문번호';
   COMMENT ON COLUMN "EDR"."ORDERLIST"."PNO" IS '상품번호';
   COMMENT ON COLUMN "EDR"."ORDERLIST"."MNO" IS '회원번호';
   COMMENT ON COLUMN "EDR"."ORDERLIST"."ORDER_NAME" IS '주문자명';
   COMMENT ON COLUMN "EDR"."ORDERLIST"."ORDER_PHONE" IS '주문자연락처';
   COMMENT ON COLUMN "EDR"."ORDERLIST"."ORDER_EMAIL" IS '주문자이메일';
   COMMENT ON COLUMN "EDR"."ORDERLIST"."ORDER_CODE" IS '주문코드';
   COMMENT ON TABLE "EDR"."ORDERLIST"  IS '주문';
--------------------------------------------------------
--  DDL for Table ORDER_DETAIL
--------------------------------------------------------

  CREATE TABLE "EDR"."ORDER_DETAIL" 
   (	"ORDER_DETAIL_NO" NUMBER, 
	"ORDER_NO" NUMBER, 
	"PNO" NUMBER, 
	"RECE_NAME" VARCHAR2(20 BYTE), 
	"RECE_GENDER" VARCHAR2(5 BYTE), 
	"RECE_PHONE" VARCHAR2(30 BYTE), 
	"RECE_PHONE2" VARCHAR2(30 BYTE), 
	"RECE_EMAIL" VARCHAR2(50 BYTE), 
	"RECE_AGE" VARCHAR2(10 BYTE), 
	"RECE_REQUEST" VARCHAR2(2000 BYTE), 
	"TOUR_STATE" VARCHAR2(10 BYTE), 
	"RECE_PERSON" NUMBER
   ) SEGMENT CREATION IMMEDIATE 
  PCTFREE 10 PCTUSED 40 INITRANS 1 MAXTRANS 255 NOCOMPRESS LOGGING
  STORAGE(INITIAL 65536 NEXT 1048576 MINEXTENTS 1 MAXEXTENTS 2147483645
  PCTINCREASE 0 FREELISTS 1 FREELIST GROUPS 1 BUFFER_POOL DEFAULT FLASH_CACHE DEFAULT CELL_FLASH_CACHE DEFAULT)
  TABLESPACE "SYSTEM" ;

   COMMENT ON COLUMN "EDR"."ORDER_DETAIL"."ORDER_DETAIL_NO" IS '주문상세번호';
   COMMENT ON COLUMN "EDR"."ORDER_DETAIL"."ORDER_NO" IS '주문번호';
   COMMENT ON COLUMN "EDR"."ORDER_DETAIL"."PNO" IS '상품번호';
   COMMENT ON COLUMN "EDR"."ORDER_DETAIL"."RECE_NAME" IS '수령인이름';
   COMMENT ON COLUMN "EDR"."ORDER_DETAIL"."RECE_GENDER" IS '수령인성별';
   COMMENT ON COLUMN "EDR"."ORDER_DETAIL"."RECE_PHONE" IS '수령인연락처';
   COMMENT ON COLUMN "EDR"."ORDER_DETAIL"."RECE_PHONE2" IS '수령인비상연락처';
   COMMENT ON COLUMN "EDR"."ORDER_DETAIL"."RECE_EMAIL" IS '수령인이메일';
   COMMENT ON COLUMN "EDR"."ORDER_DETAIL"."RECE_AGE" IS '수령인연령대';
   COMMENT ON COLUMN "EDR"."ORDER_DETAIL"."RECE_REQUEST" IS '요청사항';
   COMMENT ON COLUMN "EDR"."ORDER_DETAIL"."TOUR_STATE" IS '구분';
   COMMENT ON COLUMN "EDR"."ORDER_DETAIL"."RECE_PERSON" IS '참여인원';
   COMMENT ON TABLE "EDR"."ORDER_DETAIL"  IS '주문상세';
--------------------------------------------------------
--  DDL for Table PAYMENT
--------------------------------------------------------

  CREATE TABLE "EDR"."PAYMENT" 
   (	"PAY_NO" NUMBER, 
	"PNO" NUMBER, 
	"ORDER_NO" NUMBER, 
	"PAY_COST" NUMBER, 
	"PAY_KIND" VARCHAR2(80 BYTE), 
	"PAY_CHANGE" DATE, 
	"PAY_STATE" VARCHAR2(20 BYTE)
   ) SEGMENT CREATION IMMEDIATE 
  PCTFREE 10 PCTUSED 40 INITRANS 1 MAXTRANS 255 NOCOMPRESS LOGGING
  STORAGE(INITIAL 65536 NEXT 1048576 MINEXTENTS 1 MAXEXTENTS 2147483645
  PCTINCREASE 0 FREELISTS 1 FREELIST GROUPS 1 BUFFER_POOL DEFAULT FLASH_CACHE DEFAULT CELL_FLASH_CACHE DEFAULT)
  TABLESPACE "SYSTEM" ;

   COMMENT ON COLUMN "EDR"."PAYMENT"."PAY_NO" IS '결제번호';
   COMMENT ON COLUMN "EDR"."PAYMENT"."PNO" IS '상품번호';
   COMMENT ON COLUMN "EDR"."PAYMENT"."ORDER_NO" IS '주문번호';
   COMMENT ON COLUMN "EDR"."PAYMENT"."PAY_COST" IS '결제금액';
   COMMENT ON COLUMN "EDR"."PAYMENT"."PAY_KIND" IS '결제수단';
   COMMENT ON COLUMN "EDR"."PAYMENT"."PAY_CHANGE" IS '변경일자';
   COMMENT ON COLUMN "EDR"."PAYMENT"."PAY_STATE" IS '상태';
   COMMENT ON TABLE "EDR"."PAYMENT"  IS '결제';
--------------------------------------------------------
--  DDL for Table PRODUCT
--------------------------------------------------------

  CREATE TABLE "EDR"."PRODUCT" 
   (	"PNO" NUMBER, 
	"PKIND" VARCHAR2(10 BYTE), 
	"EPI" NUMBER, 
	"GP_NO" NUMBER, 
	"CP_NO" NUMBER, 
	"PDATE" DATE, 
	"STATUS" VARCHAR2(20 BYTE) DEFAULT 'N'
   ) SEGMENT CREATION IMMEDIATE 
  PCTFREE 10 PCTUSED 40 INITRANS 1 MAXTRANS 255 NOCOMPRESS LOGGING
  STORAGE(INITIAL 65536 NEXT 1048576 MINEXTENTS 1 MAXEXTENTS 2147483645
  PCTINCREASE 0 FREELISTS 1 FREELIST GROUPS 1 BUFFER_POOL DEFAULT FLASH_CACHE DEFAULT CELL_FLASH_CACHE DEFAULT)
  TABLESPACE "SYSTEM" ;

   COMMENT ON COLUMN "EDR"."PRODUCT"."PNO" IS '상품번호';
   COMMENT ON COLUMN "EDR"."PRODUCT"."PKIND" IS '구분';
   COMMENT ON COLUMN "EDR"."PRODUCT"."EPI" IS '회차';
   COMMENT ON COLUMN "EDR"."PRODUCT"."GP_NO" IS '프로그램번호';
   COMMENT ON COLUMN "EDR"."PRODUCT"."CP_NO" IS '신청번호';
   COMMENT ON COLUMN "EDR"."PRODUCT"."PDATE" IS '날짜';
   COMMENT ON COLUMN "EDR"."PRODUCT"."STATUS" IS '삭제여부';
   COMMENT ON TABLE "EDR"."PRODUCT"  IS '상품';
--------------------------------------------------------
--  DDL for Table QNA
--------------------------------------------------------

  CREATE TABLE "EDR"."QNA" 
   (	"QNO" NUMBER, 
	"QTITLE" VARCHAR2(100 BYTE), 
	"QCONTENTS" VARCHAR2(500 BYTE), 
	"QNA_DATE" DATE, 
	"REPLY_YN" VARCHAR2(5 BYTE), 
	"MNO" NUMBER
   ) SEGMENT CREATION IMMEDIATE 
  PCTFREE 10 PCTUSED 40 INITRANS 1 MAXTRANS 255 NOCOMPRESS LOGGING
  STORAGE(INITIAL 65536 NEXT 1048576 MINEXTENTS 1 MAXEXTENTS 2147483645
  PCTINCREASE 0 FREELISTS 1 FREELIST GROUPS 1 BUFFER_POOL DEFAULT FLASH_CACHE DEFAULT CELL_FLASH_CACHE DEFAULT)
  TABLESPACE "SYSTEM" ;

   COMMENT ON COLUMN "EDR"."QNA"."QNO" IS '문의번호';
   COMMENT ON COLUMN "EDR"."QNA"."QTITLE" IS '제목';
   COMMENT ON COLUMN "EDR"."QNA"."QCONTENTS" IS '내용';
   COMMENT ON COLUMN "EDR"."QNA"."QNA_DATE" IS '작성일';
   COMMENT ON COLUMN "EDR"."QNA"."REPLY_YN" IS '답변여부';
   COMMENT ON COLUMN "EDR"."QNA"."MNO" IS '회원번호';
   COMMENT ON TABLE "EDR"."QNA"  IS 'QNA';
--------------------------------------------------------
--  DDL for Table REPORT
--------------------------------------------------------

  CREATE TABLE "EDR"."REPORT" 
   (	"RNO" NUMBER, 
	"RTITLE" VARCHAR2(50 BYTE), 
	"RCNT" VARCHAR2(100 BYTE), 
	"REPORT_YN" VARCHAR2(5 BYTE), 
	"ORDER_NO" NUMBER, 
	"PNO" NUMBER, 
	"RNAME" NUMBER, 
	"RTARGET" NUMBER
   ) SEGMENT CREATION IMMEDIATE 
  PCTFREE 10 PCTUSED 40 INITRANS 1 MAXTRANS 255 NOCOMPRESS LOGGING
  STORAGE(INITIAL 65536 NEXT 1048576 MINEXTENTS 1 MAXEXTENTS 2147483645
  PCTINCREASE 0 FREELISTS 1 FREELIST GROUPS 1 BUFFER_POOL DEFAULT FLASH_CACHE DEFAULT CELL_FLASH_CACHE DEFAULT)
  TABLESPACE "SYSTEM" ;

   COMMENT ON COLUMN "EDR"."REPORT"."RNO" IS '신고번호';
   COMMENT ON COLUMN "EDR"."REPORT"."RTITLE" IS '신고제목';
   COMMENT ON COLUMN "EDR"."REPORT"."RCNT" IS '신고내용';
   COMMENT ON COLUMN "EDR"."REPORT"."REPORT_YN" IS '접수유무';
   COMMENT ON COLUMN "EDR"."REPORT"."ORDER_NO" IS '주문번호';
   COMMENT ON COLUMN "EDR"."REPORT"."PNO" IS '상품번호';
   COMMENT ON COLUMN "EDR"."REPORT"."RNAME" IS '신고자';
   COMMENT ON COLUMN "EDR"."REPORT"."RTARGET" IS '신고대상';
   COMMENT ON TABLE "EDR"."REPORT"  IS '신고';
--------------------------------------------------------
--  DDL for Table REVIEW
--------------------------------------------------------

  CREATE TABLE "EDR"."REVIEW" 
   (	"REVIEW_NO" NUMBER, 
	"GUIDE_RATING" NUMBER, 
	"PROGRAM_RATING" NUMBER, 
	"REVIEW_CNT" VARCHAR2(4000 BYTE), 
	"REPLY_YN" VARCHAR2(5 BYTE), 
	"ORDER_DETAIL_NO" NUMBER, 
	"MNO" NUMBER, 
	"REVIEW_YN" VARCHAR2(10 BYTE), 
	"GP_NO" NUMBER
   ) SEGMENT CREATION IMMEDIATE 
  PCTFREE 10 PCTUSED 40 INITRANS 1 MAXTRANS 255 NOCOMPRESS LOGGING
  STORAGE(INITIAL 65536 NEXT 1048576 MINEXTENTS 1 MAXEXTENTS 2147483645
  PCTINCREASE 0 FREELISTS 1 FREELIST GROUPS 1 BUFFER_POOL DEFAULT FLASH_CACHE DEFAULT CELL_FLASH_CACHE DEFAULT)
  TABLESPACE "SYSTEM" ;

   COMMENT ON COLUMN "EDR"."REVIEW"."REVIEW_NO" IS '리뷰번호';
   COMMENT ON COLUMN "EDR"."REVIEW"."GUIDE_RATING" IS '가이드평점';
   COMMENT ON COLUMN "EDR"."REVIEW"."PROGRAM_RATING" IS '프로그램평점';
   COMMENT ON COLUMN "EDR"."REVIEW"."REVIEW_CNT" IS '리뷰내용';
   COMMENT ON COLUMN "EDR"."REVIEW"."REPLY_YN" IS '답변여부';
   COMMENT ON COLUMN "EDR"."REVIEW"."ORDER_DETAIL_NO" IS '주문상세번호';
   COMMENT ON COLUMN "EDR"."REVIEW"."MNO" IS '회원번호';
   COMMENT ON COLUMN "EDR"."REVIEW"."REVIEW_YN" IS '삭제여부';
   COMMENT ON COLUMN "EDR"."REVIEW"."GP_NO" IS '일반프로그램번호';
   COMMENT ON TABLE "EDR"."REVIEW"  IS '리뷰';
--------------------------------------------------------
--  DDL for Table WARNING
--------------------------------------------------------

  CREATE TABLE "EDR"."WARNING" 
   (	"RNO" NUMBER, 
	"MNO" NUMBER, 
	"REG_DATE" DATE
   ) SEGMENT CREATION IMMEDIATE 
  PCTFREE 10 PCTUSED 40 INITRANS 1 MAXTRANS 255 NOCOMPRESS LOGGING
  STORAGE(INITIAL 65536 NEXT 1048576 MINEXTENTS 1 MAXEXTENTS 2147483645
  PCTINCREASE 0 FREELISTS 1 FREELIST GROUPS 1 BUFFER_POOL DEFAULT FLASH_CACHE DEFAULT CELL_FLASH_CACHE DEFAULT)
  TABLESPACE "SYSTEM" ;

   COMMENT ON COLUMN "EDR"."WARNING"."RNO" IS '신고번호';
   COMMENT ON COLUMN "EDR"."WARNING"."MNO" IS '회원번호';
   COMMENT ON COLUMN "EDR"."WARNING"."REG_DATE" IS '접수일';
   COMMENT ON TABLE "EDR"."WARNING"  IS '경고이력';
--------------------------------------------------------
--  DDL for Table WISHLIST
--------------------------------------------------------

  CREATE TABLE "EDR"."WISHLIST" 
   (	"PNO" NUMBER, 
	"MNO" NUMBER
   ) SEGMENT CREATION IMMEDIATE 
  PCTFREE 10 PCTUSED 40 INITRANS 1 MAXTRANS 255 NOCOMPRESS LOGGING
  STORAGE(INITIAL 65536 NEXT 1048576 MINEXTENTS 1 MAXEXTENTS 2147483645
  PCTINCREASE 0 FREELISTS 1 FREELIST GROUPS 1 BUFFER_POOL DEFAULT FLASH_CACHE DEFAULT CELL_FLASH_CACHE DEFAULT)
  TABLESPACE "SYSTEM"  ENABLE ROW MOVEMENT ;

   COMMENT ON COLUMN "EDR"."WISHLIST"."PNO" IS '상품번호';
   COMMENT ON COLUMN "EDR"."WISHLIST"."MNO" IS '회원번호';
   COMMENT ON TABLE "EDR"."WISHLIST"  IS '찜하기';
REM INSERTING into EDR.ATTACHMENT
SET DEFINE OFF;
Insert into EDR.ATTACHMENT (FILE_NO,ORIGIN_NAME,CHANGE_NAME,FILE_PATH,UPLOAD_DATE,TTYPE,DAY_SEQ,DAY,GP_NO,GP_DAY,GP_DAY_SEQ,MNO,GH_NO,CP_EST_NO,PROFILE_YN,CP_NO,QNO,MSG_NO,RNO) values (616,'jjm.png','2019122215505211054.png','C:\Users\user\git\edrnew\web\uploadFiles/',to_date('19/12/22','RR/MM/DD'),'GUIDE_HISTORY',null,null,null,null,null,48,51,null,'N',null,null,null,null);
Insert into EDR.ATTACHMENT (FILE_NO,ORIGIN_NAME,CHANGE_NAME,FILE_PATH,UPLOAD_DATE,TTYPE,DAY_SEQ,DAY,GP_NO,GP_DAY,GP_DAY_SEQ,MNO,GH_NO,CP_EST_NO,PROFILE_YN,CP_NO,QNO,MSG_NO,RNO) values (617,'dog.png','2019122215505258502.png','C:\Users\user\git\edrnew\web\uploadFiles/',to_date('19/12/22','RR/MM/DD'),'GUIDE_HISTORY',null,null,null,null,null,48,51,null,'Y',null,null,null,null);
Insert into EDR.ATTACHMENT (FILE_NO,ORIGIN_NAME,CHANGE_NAME,FILE_PATH,UPLOAD_DATE,TTYPE,DAY_SEQ,DAY,GP_NO,GP_DAY,GP_DAY_SEQ,MNO,GH_NO,CP_EST_NO,PROFILE_YN,CP_NO,QNO,MSG_NO,RNO) values (618,'서범수_신분증.pdf','2019122215505264684.pdf','C:\Users\user\git\edrnew\web\uploadFiles/',to_date('19/12/22','RR/MM/DD'),'GUIDE_HISTORY',null,null,null,null,null,58,56,null,'N',null,null,null,null);
Insert into EDR.ATTACHMENT (FILE_NO,ORIGIN_NAME,CHANGE_NAME,FILE_PATH,UPLOAD_DATE,TTYPE,DAY_SEQ,DAY,GP_NO,GP_DAY,GP_DAY_SEQ,MNO,GH_NO,CP_EST_NO,PROFILE_YN,CP_NO,QNO,MSG_NO,RNO) values (619,'flower4.PNG','2019122215505270011.PNG','C:\Users\user\git\edrnew\web\uploadFiles/',to_date('19/12/22','RR/MM/DD'),'GUIDE_HISTORY',null,null,null,null,null,58,56,null,'Y',null,null,null,null);
Insert into EDR.ATTACHMENT (FILE_NO,ORIGIN_NAME,CHANGE_NAME,FILE_PATH,UPLOAD_DATE,TTYPE,DAY_SEQ,DAY,GP_NO,GP_DAY,GP_DAY_SEQ,MNO,GH_NO,CP_EST_NO,PROFILE_YN,CP_NO,QNO,MSG_NO,RNO) values (620,'jjbong.png','2019122216010891072.png','C:\Users\user\git\edrnew\web\uploadFiles/',to_date('19/12/22','RR/MM/DD'),'GUIDE_HISTORY',null,null,null,null,null,48,57,null,'N',null,null,null,null);
Insert into EDR.ATTACHMENT (FILE_NO,ORIGIN_NAME,CHANGE_NAME,FILE_PATH,UPLOAD_DATE,TTYPE,DAY_SEQ,DAY,GP_NO,GP_DAY,GP_DAY_SEQ,MNO,GH_NO,CP_EST_NO,PROFILE_YN,CP_NO,QNO,MSG_NO,RNO) values (621,'dog.png','2019122216010819697.png','C:\Users\user\git\edrnew\web\uploadFiles/',to_date('19/12/22','RR/MM/DD'),'GUIDE_HISTORY',null,null,null,null,null,48,57,null,'Y',null,null,null,null);
Insert into EDR.ATTACHMENT (FILE_NO,ORIGIN_NAME,CHANGE_NAME,FILE_PATH,UPLOAD_DATE,TTYPE,DAY_SEQ,DAY,GP_NO,GP_DAY,GP_DAY_SEQ,MNO,GH_NO,CP_EST_NO,PROFILE_YN,CP_NO,QNO,MSG_NO,RNO) values (622,'최주혜_신분증.pdf','2019122216130688109.pdf','C:\Users\user\git\edrnew\web\uploadFiles/',to_date('19/12/22','RR/MM/DD'),'GUIDE_HISTORY',null,null,null,null,null,54,58,null,'N',null,null,null,null);
Insert into EDR.ATTACHMENT (FILE_NO,ORIGIN_NAME,CHANGE_NAME,FILE_PATH,UPLOAD_DATE,TTYPE,DAY_SEQ,DAY,GP_NO,GP_DAY,GP_DAY_SEQ,MNO,GH_NO,CP_EST_NO,PROFILE_YN,CP_NO,QNO,MSG_NO,RNO) values (623,'star_icon.png','2019122216130618650.png','C:\Users\user\git\edrnew\web\uploadFiles/',to_date('19/12/22','RR/MM/DD'),'GUIDE_HISTORY',null,null,null,null,null,54,58,null,'Y',null,null,null,null);
Insert into EDR.ATTACHMENT (FILE_NO,ORIGIN_NAME,CHANGE_NAME,FILE_PATH,UPLOAD_DATE,TTYPE,DAY_SEQ,DAY,GP_NO,GP_DAY,GP_DAY_SEQ,MNO,GH_NO,CP_EST_NO,PROFILE_YN,CP_NO,QNO,MSG_NO,RNO) values (624,'이범희_신분증.pdf','2019122216222268641.pdf','C:\Users\user\git\edrnew\web\uploadFiles/',to_date('19/12/22','RR/MM/DD'),'GUIDE_HISTORY',null,null,null,null,null,56,59,null,'N',null,null,null,null);
Insert into EDR.ATTACHMENT (FILE_NO,ORIGIN_NAME,CHANGE_NAME,FILE_PATH,UPLOAD_DATE,TTYPE,DAY_SEQ,DAY,GP_NO,GP_DAY,GP_DAY_SEQ,MNO,GH_NO,CP_EST_NO,PROFILE_YN,CP_NO,QNO,MSG_NO,RNO) values (625,'iconfinder_Weather_Weather_Forecast_Wind_Blowing_Climate_3859154.png','2019122216222197919.png','C:\Users\user\git\edrnew\web\uploadFiles/',to_date('19/12/22','RR/MM/DD'),'GUIDE_HISTORY',null,null,null,null,null,56,59,null,'Y',null,null,null,null);
Insert into EDR.ATTACHMENT (FILE_NO,ORIGIN_NAME,CHANGE_NAME,FILE_PATH,UPLOAD_DATE,TTYPE,DAY_SEQ,DAY,GP_NO,GP_DAY,GP_DAY_SEQ,MNO,GH_NO,CP_EST_NO,PROFILE_YN,CP_NO,QNO,MSG_NO,RNO) values (627,'tour_img_1.png','2019122216412277512.png','C:\Users\user\git\edrnew\web\uploadFiles/',to_date('19/12/22','RR/MM/DD'),'GP_DETAIL',null,null,35,0,0,null,null,null,null,null,null,null,null);
Insert into EDR.ATTACHMENT (FILE_NO,ORIGIN_NAME,CHANGE_NAME,FILE_PATH,UPLOAD_DATE,TTYPE,DAY_SEQ,DAY,GP_NO,GP_DAY,GP_DAY_SEQ,MNO,GH_NO,CP_EST_NO,PROFILE_YN,CP_NO,QNO,MSG_NO,RNO) values (628,'tour_img_2.png','201912221645394716.png','C:\Users\user\git\edrnew\web\uploadFiles/',to_date('19/12/22','RR/MM/DD'),'GP_DETAIL',null,null,36,0,0,null,null,null,null,null,null,null,null);
Insert into EDR.ATTACHMENT (FILE_NO,ORIGIN_NAME,CHANGE_NAME,FILE_PATH,UPLOAD_DATE,TTYPE,DAY_SEQ,DAY,GP_NO,GP_DAY,GP_DAY_SEQ,MNO,GH_NO,CP_EST_NO,PROFILE_YN,CP_NO,QNO,MSG_NO,RNO) values (629,'tour_img_4.png','201912221645391047.png','C:\Users\user\git\edrnew\web\uploadFiles/',to_date('19/12/22','RR/MM/DD'),'GP_DETAIL',null,null,36,0,0,null,null,null,null,null,null,null,null);
Insert into EDR.ATTACHMENT (FILE_NO,ORIGIN_NAME,CHANGE_NAME,FILE_PATH,UPLOAD_DATE,TTYPE,DAY_SEQ,DAY,GP_NO,GP_DAY,GP_DAY_SEQ,MNO,GH_NO,CP_EST_NO,PROFILE_YN,CP_NO,QNO,MSG_NO,RNO) values (630,'tour_img_20.png','201912221645393080.png','C:\Users\user\git\edrnew\web\uploadFiles/',to_date('19/12/22','RR/MM/DD'),'GP_DETAIL',null,null,36,0,0,null,null,null,null,null,null,null,null);
Insert into EDR.ATTACHMENT (FILE_NO,ORIGIN_NAME,CHANGE_NAME,FILE_PATH,UPLOAD_DATE,TTYPE,DAY_SEQ,DAY,GP_NO,GP_DAY,GP_DAY_SEQ,MNO,GH_NO,CP_EST_NO,PROFILE_YN,CP_NO,QNO,MSG_NO,RNO) values (631,'tour_img_4.png','2019122217031627194.png','C:\Users\user\git\edrnew\web\uploadFiles/',to_date('19/12/22','RR/MM/DD'),'GP_DETAIL',null,null,37,0,0,null,null,null,null,null,null,null,null);
Insert into EDR.ATTACHMENT (FILE_NO,ORIGIN_NAME,CHANGE_NAME,FILE_PATH,UPLOAD_DATE,TTYPE,DAY_SEQ,DAY,GP_NO,GP_DAY,GP_DAY_SEQ,MNO,GH_NO,CP_EST_NO,PROFILE_YN,CP_NO,QNO,MSG_NO,RNO) values (632,'tour_img_12.png','2019122217031650665.png','C:\Users\user\git\edrnew\web\uploadFiles/',to_date('19/12/22','RR/MM/DD'),'GP_DETAIL',null,null,37,0,0,null,null,null,null,null,null,null,null);
Insert into EDR.ATTACHMENT (FILE_NO,ORIGIN_NAME,CHANGE_NAME,FILE_PATH,UPLOAD_DATE,TTYPE,DAY_SEQ,DAY,GP_NO,GP_DAY,GP_DAY_SEQ,MNO,GH_NO,CP_EST_NO,PROFILE_YN,CP_NO,QNO,MSG_NO,RNO) values (633,'tour_img_12.png','2019122217031686688.png','C:\Users\user\git\edrnew\web\uploadFiles/',to_date('19/12/22','RR/MM/DD'),'GP_DETAIL',null,null,37,0,0,null,null,null,null,null,null,null,null);
REM INSERTING into EDR.BLACKLIST
SET DEFINE OFF;
REM INSERTING into EDR.CALC
SET DEFINE OFF;
REM INSERTING into EDR.CP_GUIDE_DETAIL
SET DEFINE OFF;
REM INSERTING into EDR.CP_GUIDE_EST
SET DEFINE OFF;
REM INSERTING into EDR.CP_LANG
SET DEFINE OFF;
Insert into EDR.CP_LANG (LANG,CP_NO) values ('영어',16);
Insert into EDR.CP_LANG (LANG,CP_NO) values ('주혜어',16);
Insert into EDR.CP_LANG (LANG,CP_NO) values ('한국어',16);
REM INSERTING into EDR.CP_PRICEDETAIL
SET DEFINE OFF;
REM INSERTING into EDR.CP_REQUEST
SET DEFINE OFF;
REM INSERTING into EDR.FAQ
SET DEFINE OFF;
REM INSERTING into EDR.GD_LOCAL
SET DEFINE OFF;
REM INSERTING into EDR.GP
SET DEFINE OFF;
Insert into EDR.GP (GP_NO,GP_NAME,GP_DESCR,GP_MIN,GP_MAX,GP_COST,GP_NOTICE,GP_MEET_TIME,GP_MEET_AREA,ALLOW_YN,MNO,LOCAL_NO,GP_MEET_X,GP_MEET_Y,GP_TDAY,GP_RDAY,STATE) values (35,'오늘 내일 투어','오늘 내일 합니다',1,3,2000,'특이할까? 특이하대','03:00','06000/서울 강남구 강남대로 708/할리스','Y',54,1,127.01593273664581,37.52444025620515,1,to_date('19/12/22','RR/MM/DD'),'N');
Insert into EDR.GP (GP_NO,GP_NAME,GP_DESCR,GP_MIN,GP_MAX,GP_COST,GP_NOTICE,GP_MEET_TIME,GP_MEET_AREA,ALLOW_YN,MNO,LOCAL_NO,GP_MEET_X,GP_MEET_Y,GP_TDAY,GP_RDAY,STATE) values (36,'바다 투어','세상의 모든 바다를 보자',2,6,1000,'셀렉트 올 인설트 올 하지 마세요.. 특히 인설트 업데이트도','04:00','06313/서울 강남구 양재대로 339/바다','Y',54,1,127.05170814410292,37.472369869159415,2,to_date('19/12/22','RR/MM/DD'),'N');
Insert into EDR.GP (GP_NO,GP_NAME,GP_DESCR,GP_MIN,GP_MAX,GP_COST,GP_NOTICE,GP_MEET_TIME,GP_MEET_AREA,ALLOW_YN,MNO,LOCAL_NO,GP_MEET_X,GP_MEET_Y,GP_TDAY,GP_RDAY,STATE) values (37,'할리스 투어','서울의 모든 할리스를 가보자',3,8,1000,'할리스가 많습니다 다 24시간으로 바꿔주세요','03:00','06313/서울 강남구 양재대로 333/할리스','N',48,1,127.05101146266578,37.47191966682809,3,to_date('19/12/22','RR/MM/DD'),'N');
REM INSERTING into EDR.GP_DETAIL
SET DEFINE OFF;
Insert into EDR.GP_DETAIL (GP_NO,GP_DAY,GP_DAY_SEQ,GP_LOCATION,GP_TIME,GP_CNT) values (35,1,1,'할리스',1,'할리스에서 만나요');
Insert into EDR.GP_DETAIL (GP_NO,GP_DAY,GP_DAY_SEQ,GP_LOCATION,GP_TIME,GP_CNT) values (36,1,1,'바다',2,'노랑 바다');
Insert into EDR.GP_DETAIL (GP_NO,GP_DAY,GP_DAY_SEQ,GP_LOCATION,GP_TIME,GP_CNT) values (36,2,1,'파랑 바다',2,'파랑색이래');
Insert into EDR.GP_DETAIL (GP_NO,GP_DAY,GP_DAY_SEQ,GP_LOCATION,GP_TIME,GP_CNT) values (36,2,2,'노랑 바다',4,'노랑바다래');
Insert into EDR.GP_DETAIL (GP_NO,GP_DAY,GP_DAY_SEQ,GP_LOCATION,GP_TIME,GP_CNT) values (37,1,1,'강남 할리스',24,'강남할리스는 24시간 우리는 시간 많다..^^');
Insert into EDR.GP_DETAIL (GP_NO,GP_DAY,GP_DAY_SEQ,GP_LOCATION,GP_TIME,GP_CNT) values (37,2,1,'역삼할리스',12,'여기는 할리스가 24시간이 아니야 ');
Insert into EDR.GP_DETAIL (GP_NO,GP_DAY,GP_DAY_SEQ,GP_LOCATION,GP_TIME,GP_CNT) values (37,3,1,'선릉할리스',12,'여기도 12시간이 아니야');
REM INSERTING into EDR.GP_LANG
SET DEFINE OFF;
Insert into EDR.GP_LANG (LANG,GP_NO) values ('영어',35);
Insert into EDR.GP_LANG (LANG,GP_NO) values ('주혜어',35);
Insert into EDR.GP_LANG (LANG,GP_NO) values ('한국어',35);
Insert into EDR.GP_LANG (LANG,GP_NO) values ('영어',36);
Insert into EDR.GP_LANG (LANG,GP_NO) values ('주혜어',36);
Insert into EDR.GP_LANG (LANG,GP_NO) values ('한국어',36);
Insert into EDR.GP_LANG (LANG,GP_NO) values ('세환어',37);
Insert into EDR.GP_LANG (LANG,GP_NO) values ('영어',37);
Insert into EDR.GP_LANG (LANG,GP_NO) values ('한국어',37);
REM INSERTING into EDR.GP_PRICEDETAIL
SET DEFINE OFF;
Insert into EDR.GP_PRICEDETAIL (GP_CATEGORY,GP_NO,GP_PRICE,GP_INC) values ('가이드비',35,1000,'INCLUDE');
Insert into EDR.GP_PRICEDETAIL (GP_CATEGORY,GP_NO,GP_PRICE,GP_INC) values ('티켓비',35,1000,'INCLUDE');
Insert into EDR.GP_PRICEDETAIL (GP_CATEGORY,GP_NO,GP_PRICE,GP_INC) values ('식비',35,0,'NOTCLUDE');
Insert into EDR.GP_PRICEDETAIL (GP_CATEGORY,GP_NO,GP_PRICE,GP_INC) values ('가이드비',36,500,'INCLUDE');
Insert into EDR.GP_PRICEDETAIL (GP_CATEGORY,GP_NO,GP_PRICE,GP_INC) values ('티켓비',36,0,'NOTCLUDE');
Insert into EDR.GP_PRICEDETAIL (GP_CATEGORY,GP_NO,GP_PRICE,GP_INC) values ('식비',36,500,'INCLUDE');
Insert into EDR.GP_PRICEDETAIL (GP_CATEGORY,GP_NO,GP_PRICE,GP_INC) values ('가이드비',37,500,'INCLUDE');
Insert into EDR.GP_PRICEDETAIL (GP_CATEGORY,GP_NO,GP_PRICE,GP_INC) values ('커피값',37,500,'INCLUDE');
REM INSERTING into EDR.GUIDE_DETAIL
SET DEFINE OFF;
Insert into EDR.GUIDE_DETAIL (MNO,GNAME,KAKAO_ID,PHONE,PHONE2,ADDRESS,LANG,PERIOD,INTRODUCE,BANK_NAME,ACCOUNT_NO,ACCOUNT_NAME,EXP_YN,TB_BAN) values (54,'최주혜','JJ','+82)01045347575','+82)01023557874','06313/서울 강남구 양재대로 333/205호','한국어, 영어, 주혜어',7,'쭈헤이 가이드 입니다~',null,null,null,'N','N');
Insert into EDR.GUIDE_DETAIL (MNO,GNAME,KAKAO_ID,PHONE,PHONE2,ADDRESS,LANG,PERIOD,INTRODUCE,BANK_NAME,ACCOUNT_NO,ACCOUNT_NAME,EXP_YN,TB_BAN) values (58,'서범수','sbs','+82)01050174342','+82)0104432','23058/인천 강화군 양도면 가능포로 166-13/204호','한국어, 영어, 범수어',6,'범수입니다. 가이드 계의 갓범수',null,null,null,'Y','N');
Insert into EDR.GUIDE_DETAIL (MNO,GNAME,KAKAO_ID,PHONE,PHONE2,ADDRESS,LANG,PERIOD,INTRODUCE,BANK_NAME,ACCOUNT_NO,ACCOUNT_NAME,EXP_YN,TB_BAN) values (48,'전세환','ghks8198','+82)01071488494','+82)01071488494','08826/서울 관악구 관악로 1/상세','한국어, 자바, C언어',8,'저는 전세환입니다.... 저는 제육볶음을 참 좋아합니다',null,null,null,'Y','N');
Insert into EDR.GUIDE_DETAIL (MNO,GNAME,KAKAO_ID,PHONE,PHONE2,ADDRESS,LANG,PERIOD,INTRODUCE,BANK_NAME,ACCOUNT_NO,ACCOUNT_NAME,EXP_YN,TB_BAN) values (56,'이범희','bhKakao','+82)01034322353','+82)01032364686','06027/서울 강남구 압구정로 102/204호','한국어, 영어, 범희어',9,'범희입니다 범위 범위',null,null,null,'N','N');
REM INSERTING into EDR.GUIDE_HISTORY
SET DEFINE OFF;
Insert into EDR.GUIDE_HISTORY (GH_NO,MNO,GH_DATE,INTERVIEW_YN,INTERVIEW_DATE,INTERVIEW_TIME,GH_STATE) values (53,49,to_date('19/12/22','RR/MM/DD'),'N',to_date('19/12/27','RR/MM/DD'),'15:00','WAIT');
Insert into EDR.GUIDE_HISTORY (GH_NO,MNO,GH_DATE,INTERVIEW_YN,INTERVIEW_DATE,INTERVIEW_TIME,GH_STATE) values (57,48,to_date('19/12/22','RR/MM/DD'),'Y',to_date('19/12/24','RR/MM/DD'),'10:00','OK');
Insert into EDR.GUIDE_HISTORY (GH_NO,MNO,GH_DATE,INTERVIEW_YN,INTERVIEW_DATE,INTERVIEW_TIME,GH_STATE) values (59,56,to_date('19/12/22','RR/MM/DD'),'N',to_date('19/12/26','RR/MM/DD'),'14:00','WAIT');
Insert into EDR.GUIDE_HISTORY (GH_NO,MNO,GH_DATE,INTERVIEW_YN,INTERVIEW_DATE,INTERVIEW_TIME,GH_STATE) values (58,54,to_date('19/12/22','RR/MM/DD'),'Y',to_date('20/02/19','RR/MM/DD'),'10:00','OK');
Insert into EDR.GUIDE_HISTORY (GH_NO,MNO,GH_DATE,INTERVIEW_YN,INTERVIEW_DATE,INTERVIEW_TIME,GH_STATE) values (56,58,to_date('19/12/22','RR/MM/DD'),'N',to_date('19/12/25','RR/MM/DD'),'10:00','WAIT');
REM INSERTING into EDR.GUIDE_LOCAL
SET DEFINE OFF;
Insert into EDR.GUIDE_LOCAL (MNO,LOCAL_NO) values (48,1);
Insert into EDR.GUIDE_LOCAL (MNO,LOCAL_NO) values (48,7);
Insert into EDR.GUIDE_LOCAL (MNO,LOCAL_NO) values (48,8);
Insert into EDR.GUIDE_LOCAL (MNO,LOCAL_NO) values (54,1);
Insert into EDR.GUIDE_LOCAL (MNO,LOCAL_NO) values (54,5);
Insert into EDR.GUIDE_LOCAL (MNO,LOCAL_NO) values (54,6);
Insert into EDR.GUIDE_LOCAL (MNO,LOCAL_NO) values (56,1);
Insert into EDR.GUIDE_LOCAL (MNO,LOCAL_NO) values (56,4);
Insert into EDR.GUIDE_LOCAL (MNO,LOCAL_NO) values (56,6);
Insert into EDR.GUIDE_LOCAL (MNO,LOCAL_NO) values (58,1);
Insert into EDR.GUIDE_LOCAL (MNO,LOCAL_NO) values (58,12);
Insert into EDR.GUIDE_LOCAL (MNO,LOCAL_NO) values (58,13);
REM INSERTING into EDR.LOCAL
SET DEFINE OFF;
Insert into EDR.LOCAL (LOCAL_NAME,LOCAL_NO) values ('서울',1);
Insert into EDR.LOCAL (LOCAL_NAME,LOCAL_NO) values ('경기',2);
Insert into EDR.LOCAL (LOCAL_NAME,LOCAL_NO) values ('경상',3);
Insert into EDR.LOCAL (LOCAL_NAME,LOCAL_NO) values ('강원',4);
Insert into EDR.LOCAL (LOCAL_NAME,LOCAL_NO) values ('전라',5);
Insert into EDR.LOCAL (LOCAL_NAME,LOCAL_NO) values ('충청',6);
Insert into EDR.LOCAL (LOCAL_NAME,LOCAL_NO) values ('제주',7);
Insert into EDR.LOCAL (LOCAL_NAME,LOCAL_NO) values ('부산',8);
Insert into EDR.LOCAL (LOCAL_NAME,LOCAL_NO) values ('대구',9);
Insert into EDR.LOCAL (LOCAL_NAME,LOCAL_NO) values ('대전',10);
Insert into EDR.LOCAL (LOCAL_NAME,LOCAL_NO) values ('광주',11);
Insert into EDR.LOCAL (LOCAL_NAME,LOCAL_NO) values ('인천',12);
Insert into EDR.LOCAL (LOCAL_NAME,LOCAL_NO) values ('울산',13);
REM INSERTING into EDR.MEMBER
SET DEFINE OFF;
Insert into EDR.MEMBER (MNO,NICKNAME,EMAIL,MPWD,MGENDER,MBIRTH,WCOUNT,BANK_NAME,ACCOUNT_NAME,ACCOUNT_NO,ENROLL_DATE,EMAIL_YN,MODIFY_YN,MODIFY_DATE,MTYPE) values (50,'admin','admin@gmail.com','1ARVn2Auq2/WAqx2gNrL+q3RNjAzXpUfCXrzkA6d4Xa22yhRLy4AC50E+6UTPoscbo31nbOoq51gvkuXzJ6B2w==','M','2000',0,null,null,null,to_date('19/12/22','RR/MM/DD'),'Y','N',null,'ADMIN');
Insert into EDR.MEMBER (MNO,NICKNAME,EMAIL,MPWD,MGENDER,MBIRTH,WCOUNT,BANK_NAME,ACCOUNT_NAME,ACCOUNT_NO,ENROLL_DATE,EMAIL_YN,MODIFY_YN,MODIFY_DATE,MTYPE) values (51,'윤지니','yn@gmail.com','1ARVn2Auq2/WAqx2gNrL+q3RNjAzXpUfCXrzkA6d4Xa22yhRLy4AC50E+6UTPoscbo31nbOoq51gvkuXzJ6B2w==','F','1998',0,null,null,null,to_date('19/12/22','RR/MM/DD'),'Y','N',null,'TOURIST');
Insert into EDR.MEMBER (MNO,NICKNAME,EMAIL,MPWD,MGENDER,MBIRTH,WCOUNT,BANK_NAME,ACCOUNT_NAME,ACCOUNT_NO,ENROLL_DATE,EMAIL_YN,MODIFY_YN,MODIFY_DATE,MTYPE) values (53,'재영이','jy@gmail.com','1ARVn2Auq2/WAqx2gNrL+q3RNjAzXpUfCXrzkA6d4Xa22yhRLy4AC50E+6UTPoscbo31nbOoq51gvkuXzJ6B2w==','M','1993',0,null,null,null,to_date('19/12/22','RR/MM/DD'),'Y','N',null,'TOURIST');
Insert into EDR.MEMBER (MNO,NICKNAME,EMAIL,MPWD,MGENDER,MBIRTH,WCOUNT,BANK_NAME,ACCOUNT_NAME,ACCOUNT_NO,ENROLL_DATE,EMAIL_YN,MODIFY_YN,MODIFY_DATE,MTYPE) values (54,'쭈헤이','jj@gmail.com','1ARVn2Auq2/WAqx2gNrL+q3RNjAzXpUfCXrzkA6d4Xa22yhRLy4AC50E+6UTPoscbo31nbOoq51gvkuXzJ6B2w==','F','1995',0,null,null,null,to_date('19/12/22','RR/MM/DD'),'Y','N',null,'GUIDE');
Insert into EDR.MEMBER (MNO,NICKNAME,EMAIL,MPWD,MGENDER,MBIRTH,WCOUNT,BANK_NAME,ACCOUNT_NAME,ACCOUNT_NO,ENROLL_DATE,EMAIL_YN,MODIFY_YN,MODIFY_DATE,MTYPE) values (55,'한솔이','hs@gmail.com','1ARVn2Auq2/WAqx2gNrL+q3RNjAzXpUfCXrzkA6d4Xa22yhRLy4AC50E+6UTPoscbo31nbOoq51gvkuXzJ6B2w==','F','1996',0,null,null,null,to_date('19/12/22','RR/MM/DD'),'Y','N',null,'TOURIST');
Insert into EDR.MEMBER (MNO,NICKNAME,EMAIL,MPWD,MGENDER,MBIRTH,WCOUNT,BANK_NAME,ACCOUNT_NAME,ACCOUNT_NO,ENROLL_DATE,EMAIL_YN,MODIFY_YN,MODIFY_DATE,MTYPE) values (56,'범히','bh@gmail.com','1ARVn2Auq2/WAqx2gNrL+q3RNjAzXpUfCXrzkA6d4Xa22yhRLy4AC50E+6UTPoscbo31nbOoq51gvkuXzJ6B2w==','M','1995',0,null,null,null,to_date('19/12/22','RR/MM/DD'),'Y','N',null,'TOURIST');
Insert into EDR.MEMBER (MNO,NICKNAME,EMAIL,MPWD,MGENDER,MBIRTH,WCOUNT,BANK_NAME,ACCOUNT_NAME,ACCOUNT_NO,ENROLL_DATE,EMAIL_YN,MODIFY_YN,MODIFY_DATE,MTYPE) values (57,'상차니','sc@gmail.com','1ARVn2Auq2/WAqx2gNrL+q3RNjAzXpUfCXrzkA6d4Xa22yhRLy4AC50E+6UTPoscbo31nbOoq51gvkuXzJ6B2w==','M','1993',0,null,null,null,to_date('19/12/22','RR/MM/DD'),'Y','N',null,'TOURIST');
Insert into EDR.MEMBER (MNO,NICKNAME,EMAIL,MPWD,MGENDER,MBIRTH,WCOUNT,BANK_NAME,ACCOUNT_NAME,ACCOUNT_NO,ENROLL_DATE,EMAIL_YN,MODIFY_YN,MODIFY_DATE,MTYPE) values (58,'범수','bs@gmail.com','1ARVn2Auq2/WAqx2gNrL+q3RNjAzXpUfCXrzkA6d4Xa22yhRLy4AC50E+6UTPoscbo31nbOoq51gvkuXzJ6B2w==','M','1994',0,null,null,null,to_date('19/12/22','RR/MM/DD'),'Y','N',null,'TOURIST');
Insert into EDR.MEMBER (MNO,NICKNAME,EMAIL,MPWD,MGENDER,MBIRTH,WCOUNT,BANK_NAME,ACCOUNT_NAME,ACCOUNT_NO,ENROLL_DATE,EMAIL_YN,MODIFY_YN,MODIFY_DATE,MTYPE) values (48,'전세환','ghks8198@gmail.com','1ARVn2Auq2/WAqx2gNrL+q3RNjAzXpUfCXrzkA6d4Xa22yhRLy4AC50E+6UTPoscbo31nbOoq51gvkuXzJ6B2w==','M','1994',0,null,null,null,to_date('19/12/22','RR/MM/DD'),'Y','N',null,'GUIDE');
Insert into EDR.MEMBER (MNO,NICKNAME,EMAIL,MPWD,MGENDER,MBIRTH,WCOUNT,BANK_NAME,ACCOUNT_NAME,ACCOUNT_NO,ENROLL_DATE,EMAIL_YN,MODIFY_YN,MODIFY_DATE,MTYPE) values (49,'문문','moxn1948@gmail.com','1ARVn2Auq2/WAqx2gNrL+q3RNjAzXpUfCXrzkA6d4Xa22yhRLy4AC50E+6UTPoscbo31nbOoq51gvkuXzJ6B2w==','F','1997',0,null,null,null,to_date('19/12/22','RR/MM/DD'),'Y','N',null,'TOURIST');
REM INSERTING into EDR.MESSAGE
SET DEFINE OFF;
REM INSERTING into EDR.ORDERLIST
SET DEFINE OFF;
Insert into EDR.ORDERLIST (ORDER_NO,PNO,MNO,ORDER_NAME,ORDER_PHONE,ORDER_EMAIL,ORDER_CODE) values (13,29,48,'전세환','+82)01071488494','ghks8198@naver.com',2019122216440298657);
Insert into EDR.ORDERLIST (ORDER_NO,PNO,MNO,ORDER_NAME,ORDER_PHONE,ORDER_EMAIL,ORDER_CODE) values (14,30,48,'전세환','+82)01071488494','ghks8198@naver.com',2019122216494175934);
Insert into EDR.ORDERLIST (ORDER_NO,PNO,MNO,ORDER_NAME,ORDER_PHONE,ORDER_EMAIL,ORDER_CODE) values (15,31,48,'전세환','+82)01071488494','ghks8198@naver.com',2019122216543572815);
REM INSERTING into EDR.ORDER_DETAIL
SET DEFINE OFF;
Insert into EDR.ORDER_DETAIL (ORDER_DETAIL_NO,ORDER_NO,PNO,RECE_NAME,RECE_GENDER,RECE_PHONE,RECE_PHONE2,RECE_EMAIL,RECE_AGE,RECE_REQUEST,TOUR_STATE,RECE_PERSON) values (13,13,29,'전세환','M','+82)01071488494','+82)01071488494','ghks8198@naver.com','20','저는 아메리카노 주세요','WAITTOUR',1);
Insert into EDR.ORDER_DETAIL (ORDER_DETAIL_NO,ORDER_NO,PNO,RECE_NAME,RECE_GENDER,RECE_PHONE,RECE_PHONE2,RECE_EMAIL,RECE_AGE,RECE_REQUEST,TOUR_STATE,RECE_PERSON) values (14,14,30,'전세환','F','+82)01071488494','+82)01071488494','ghks8198@naver.com','50',null,'WAITTOUR',2);
Insert into EDR.ORDER_DETAIL (ORDER_DETAIL_NO,ORDER_NO,PNO,RECE_NAME,RECE_GENDER,RECE_PHONE,RECE_PHONE2,RECE_EMAIL,RECE_AGE,RECE_REQUEST,TOUR_STATE,RECE_PERSON) values (15,15,31,'전세환','M','+82)01071488494','+82)01071488494','ghks8198@naver.com','30','ㅎㅎ','WAITTOUR',6);
REM INSERTING into EDR.PAYMENT
SET DEFINE OFF;
Insert into EDR.PAYMENT (PAY_NO,PNO,ORDER_NO,PAY_COST,PAY_KIND,PAY_CHANGE,PAY_STATE) values (13,29,13,2420,'신용카드',to_date('19/12/22','RR/MM/DD'),'ENDPAY');
Insert into EDR.PAYMENT (PAY_NO,PNO,ORDER_NO,PAY_COST,PAY_KIND,PAY_CHANGE,PAY_STATE) values (14,30,14,1320,'신용카드',to_date('19/12/22','RR/MM/DD'),'ENDPAY');
Insert into EDR.PAYMENT (PAY_NO,PNO,ORDER_NO,PAY_COST,PAY_KIND,PAY_CHANGE,PAY_STATE) values (15,31,15,1760,'신용카드',to_date('19/12/22','RR/MM/DD'),'ENDPAY');
REM INSERTING into EDR.PRODUCT
SET DEFINE OFF;
Insert into EDR.PRODUCT (PNO,PKIND,EPI,GP_NO,CP_NO,PDATE,STATUS) values (31,'GP',2,36,null,to_date('20/01/02','RR/MM/DD'),'N');
Insert into EDR.PRODUCT (PNO,PKIND,EPI,GP_NO,CP_NO,PDATE,STATUS) values (29,'GP',1,35,null,to_date('19/12/24','RR/MM/DD'),'N');
Insert into EDR.PRODUCT (PNO,PKIND,EPI,GP_NO,CP_NO,PDATE,STATUS) values (30,'GP',1,36,null,to_date('19/12/17','RR/MM/DD'),'N');
REM INSERTING into EDR.QNA
SET DEFINE OFF;
REM INSERTING into EDR.REPORT
SET DEFINE OFF;
REM INSERTING into EDR.REVIEW
SET DEFINE OFF;
REM INSERTING into EDR.WARNING
SET DEFINE OFF;
REM INSERTING into EDR.WISHLIST
SET DEFINE OFF;
--------------------------------------------------------
--  DDL for Index 엔터티1_PK26
--------------------------------------------------------

  CREATE UNIQUE INDEX "EDR"."엔터티1_PK26" ON "EDR"."WISHLIST" ("PNO") 
  PCTFREE 10 INITRANS 2 MAXTRANS 255 COMPUTE STATISTICS 
  STORAGE(INITIAL 65536 NEXT 1048576 MINEXTENTS 1 MAXEXTENTS 2147483645
  PCTINCREASE 0 FREELISTS 1 FREELIST GROUPS 1 BUFFER_POOL DEFAULT FLASH_CACHE DEFAULT CELL_FLASH_CACHE DEFAULT)
  TABLESPACE "SYSTEM" ;
--------------------------------------------------------
--  DDL for Index 엔터티1_1_PK33
--------------------------------------------------------

  CREATE UNIQUE INDEX "EDR"."엔터티1_1_PK33" ON "EDR"."CP_LANG" ("CP_NO", "LANG") 
  PCTFREE 10 INITRANS 2 MAXTRANS 255 COMPUTE STATISTICS 
  STORAGE(INITIAL 65536 NEXT 1048576 MINEXTENTS 1 MAXEXTENTS 2147483645
  PCTINCREASE 0 FREELISTS 1 FREELIST GROUPS 1 BUFFER_POOL DEFAULT FLASH_CACHE DEFAULT CELL_FLASH_CACHE DEFAULT)
  TABLESPACE "SYSTEM" ;
--------------------------------------------------------
--  DDL for Index UNI2
--------------------------------------------------------

  CREATE UNIQUE INDEX "EDR"."UNI2" ON "EDR"."MEMBER" ("NICKNAME") 
  PCTFREE 10 INITRANS 2 MAXTRANS 255 COMPUTE STATISTICS 
  STORAGE(INITIAL 65536 NEXT 1048576 MINEXTENTS 1 MAXEXTENTS 2147483645
  PCTINCREASE 0 FREELISTS 1 FREELIST GROUPS 1 BUFFER_POOL DEFAULT FLASH_CACHE DEFAULT CELL_FLASH_CACHE DEFAULT)
  TABLESPACE "SYSTEM" ;
--------------------------------------------------------
--  DDL for Index 엔터티1_PK18
--------------------------------------------------------

  CREATE UNIQUE INDEX "EDR"."엔터티1_PK18" ON "EDR"."REPORT" ("RNO") 
  PCTFREE 10 INITRANS 2 MAXTRANS 255 COMPUTE STATISTICS 
  STORAGE(INITIAL 65536 NEXT 1048576 MINEXTENTS 1 MAXEXTENTS 2147483645
  PCTINCREASE 0 FREELISTS 1 FREELIST GROUPS 1 BUFFER_POOL DEFAULT FLASH_CACHE DEFAULT CELL_FLASH_CACHE DEFAULT)
  TABLESPACE "SYSTEM" ;
--------------------------------------------------------
--  DDL for Index 엔터티1_PK24
--------------------------------------------------------

  CREATE UNIQUE INDEX "EDR"."엔터티1_PK24" ON "EDR"."CALC" ("CALC_NO") 
  PCTFREE 10 INITRANS 2 MAXTRANS 255 COMPUTE STATISTICS 
  STORAGE(INITIAL 65536 NEXT 1048576 MINEXTENTS 1 MAXEXTENTS 2147483645
  PCTINCREASE 0 FREELISTS 1 FREELIST GROUPS 1 BUFFER_POOL DEFAULT FLASH_CACHE DEFAULT CELL_FLASH_CACHE DEFAULT)
  TABLESPACE "SYSTEM" ;
--------------------------------------------------------
--  DDL for Index 엔터티1_PK23
--------------------------------------------------------

  CREATE UNIQUE INDEX "EDR"."엔터티1_PK23" ON "EDR"."PAYMENT" ("PAY_NO") 
  PCTFREE 10 INITRANS 2 MAXTRANS 255 COMPUTE STATISTICS 
  STORAGE(INITIAL 65536 NEXT 1048576 MINEXTENTS 1 MAXEXTENTS 2147483645
  PCTINCREASE 0 FREELISTS 1 FREELIST GROUPS 1 BUFFER_POOL DEFAULT FLASH_CACHE DEFAULT CELL_FLASH_CACHE DEFAULT)
  TABLESPACE "SYSTEM" ;
--------------------------------------------------------
--  DDL for Index 엔터티1_PK37
--------------------------------------------------------

  CREATE UNIQUE INDEX "EDR"."엔터티1_PK37" ON "EDR"."LOCAL" ("LOCAL_NO") 
  PCTFREE 10 INITRANS 2 MAXTRANS 255 COMPUTE STATISTICS 
  STORAGE(INITIAL 65536 NEXT 1048576 MINEXTENTS 1 MAXEXTENTS 2147483645
  PCTINCREASE 0 FREELISTS 1 FREELIST GROUPS 1 BUFFER_POOL DEFAULT FLASH_CACHE DEFAULT CELL_FLASH_CACHE DEFAULT)
  TABLESPACE "SYSTEM" ;
--------------------------------------------------------
--  DDL for Index 엔터티1_PK32
--------------------------------------------------------

  CREATE UNIQUE INDEX "EDR"."엔터티1_PK32" ON "EDR"."GP_PRICEDETAIL" ("GP_NO", "GP_CATEGORY") 
  PCTFREE 10 INITRANS 2 MAXTRANS 255 COMPUTE STATISTICS 
  STORAGE(INITIAL 65536 NEXT 1048576 MINEXTENTS 1 MAXEXTENTS 2147483645
  PCTINCREASE 0 FREELISTS 1 FREELIST GROUPS 1 BUFFER_POOL DEFAULT FLASH_CACHE DEFAULT CELL_FLASH_CACHE DEFAULT)
  TABLESPACE "SYSTEM" ;
--------------------------------------------------------
--  DDL for Index 엔터티1_1_PK5
--------------------------------------------------------

  CREATE UNIQUE INDEX "EDR"."엔터티1_1_PK5" ON "EDR"."GP_DETAIL" ("GP_NO", "GP_DAY", "GP_DAY_SEQ") 
  PCTFREE 10 INITRANS 2 MAXTRANS 255 COMPUTE STATISTICS 
  STORAGE(INITIAL 65536 NEXT 1048576 MINEXTENTS 1 MAXEXTENTS 2147483645
  PCTINCREASE 0 FREELISTS 1 FREELIST GROUPS 1 BUFFER_POOL DEFAULT FLASH_CACHE DEFAULT CELL_FLASH_CACHE DEFAULT)
  TABLESPACE "SYSTEM" ;
--------------------------------------------------------
--  DDL for Index 엔터티1_PK25
--------------------------------------------------------

  CREATE UNIQUE INDEX "EDR"."엔터티1_PK25" ON "EDR"."ORDER_DETAIL" ("ORDER_DETAIL_NO") 
  PCTFREE 10 INITRANS 2 MAXTRANS 255 COMPUTE STATISTICS 
  STORAGE(INITIAL 65536 NEXT 1048576 MINEXTENTS 1 MAXEXTENTS 2147483645
  PCTINCREASE 0 FREELISTS 1 FREELIST GROUPS 1 BUFFER_POOL DEFAULT FLASH_CACHE DEFAULT CELL_FLASH_CACHE DEFAULT)
  TABLESPACE "SYSTEM" ;
--------------------------------------------------------
--  DDL for Index 엔터티1_PK6
--------------------------------------------------------

  CREATE UNIQUE INDEX "EDR"."엔터티1_PK6" ON "EDR"."ORDERLIST" ("PNO", "ORDER_NO") 
  PCTFREE 10 INITRANS 2 MAXTRANS 255 COMPUTE STATISTICS 
  STORAGE(INITIAL 65536 NEXT 1048576 MINEXTENTS 1 MAXEXTENTS 2147483645
  PCTINCREASE 0 FREELISTS 1 FREELIST GROUPS 1 BUFFER_POOL DEFAULT FLASH_CACHE DEFAULT CELL_FLASH_CACHE DEFAULT)
  TABLESPACE "SYSTEM" ;
--------------------------------------------------------
--  DDL for Index 엔터티1_PK31
--------------------------------------------------------

  CREATE UNIQUE INDEX "EDR"."엔터티1_PK31" ON "EDR"."CP_PRICEDETAIL" ("CP_EST_NO", "CP_CATEGORY") 
  PCTFREE 10 INITRANS 2 MAXTRANS 255 COMPUTE STATISTICS 
  STORAGE(INITIAL 65536 NEXT 1048576 MINEXTENTS 1 MAXEXTENTS 2147483645
  PCTINCREASE 0 FREELISTS 1 FREELIST GROUPS 1 BUFFER_POOL DEFAULT FLASH_CACHE DEFAULT CELL_FLASH_CACHE DEFAULT)
  TABLESPACE "SYSTEM" ;
--------------------------------------------------------
--  DDL for Index 엔터티1_PK17
--------------------------------------------------------

  CREATE UNIQUE INDEX "EDR"."엔터티1_PK17" ON "EDR"."BLACKLIST" ("MNO") 
  PCTFREE 10 INITRANS 2 MAXTRANS 255 COMPUTE STATISTICS 
  STORAGE(INITIAL 65536 NEXT 1048576 MINEXTENTS 1 MAXEXTENTS 2147483645
  PCTINCREASE 0 FREELISTS 1 FREELIST GROUPS 1 BUFFER_POOL DEFAULT FLASH_CACHE DEFAULT CELL_FLASH_CACHE DEFAULT)
  TABLESPACE "SYSTEM" ;
--------------------------------------------------------
--  DDL for Index 엔터티1_PK34
--------------------------------------------------------

  CREATE UNIQUE INDEX "EDR"."엔터티1_PK34" ON "EDR"."MEMBER" ("MNO") 
  PCTFREE 10 INITRANS 2 MAXTRANS 255 COMPUTE STATISTICS 
  STORAGE(INITIAL 65536 NEXT 1048576 MINEXTENTS 1 MAXEXTENTS 2147483645
  PCTINCREASE 0 FREELISTS 1 FREELIST GROUPS 1 BUFFER_POOL DEFAULT FLASH_CACHE DEFAULT CELL_FLASH_CACHE DEFAULT)
  TABLESPACE "SYSTEM" ;
--------------------------------------------------------
--  DDL for Index 엔터티1_PK7
--------------------------------------------------------

  CREATE UNIQUE INDEX "EDR"."엔터티1_PK7" ON "EDR"."CP_REQUEST" ("CP_NO") 
  PCTFREE 10 INITRANS 2 MAXTRANS 255 COMPUTE STATISTICS 
  STORAGE(INITIAL 65536 NEXT 1048576 MINEXTENTS 1 MAXEXTENTS 2147483645
  PCTINCREASE 0 FREELISTS 1 FREELIST GROUPS 1 BUFFER_POOL DEFAULT FLASH_CACHE DEFAULT CELL_FLASH_CACHE DEFAULT)
  TABLESPACE "SYSTEM" ;
--------------------------------------------------------
--  DDL for Index 엔터티1_PK3
--------------------------------------------------------

  CREATE UNIQUE INDEX "EDR"."엔터티1_PK3" ON "EDR"."GP" ("GP_NO") 
  PCTFREE 10 INITRANS 2 MAXTRANS 255 COMPUTE STATISTICS 
  STORAGE(INITIAL 65536 NEXT 1048576 MINEXTENTS 1 MAXEXTENTS 2147483645
  PCTINCREASE 0 FREELISTS 1 FREELIST GROUPS 1 BUFFER_POOL DEFAULT FLASH_CACHE DEFAULT CELL_FLASH_CACHE DEFAULT)
  TABLESPACE "SYSTEM" ;
--------------------------------------------------------
--  DDL for Index 엔터티1_PK20
--------------------------------------------------------

  CREATE UNIQUE INDEX "EDR"."엔터티1_PK20" ON "EDR"."ATTACHMENT" ("FILE_NO") 
  PCTFREE 10 INITRANS 2 MAXTRANS 255 COMPUTE STATISTICS 
  STORAGE(INITIAL 65536 NEXT 1048576 MINEXTENTS 1 MAXEXTENTS 2147483645
  PCTINCREASE 0 FREELISTS 1 FREELIST GROUPS 1 BUFFER_POOL DEFAULT FLASH_CACHE DEFAULT CELL_FLASH_CACHE DEFAULT)
  TABLESPACE "SYSTEM" ;
--------------------------------------------------------
--  DDL for Index 엔터티1_PK
--------------------------------------------------------

  CREATE UNIQUE INDEX "EDR"."엔터티1_PK" ON "EDR"."PRODUCT" ("PNO") 
  PCTFREE 10 INITRANS 2 MAXTRANS 255 COMPUTE STATISTICS 
  STORAGE(INITIAL 65536 NEXT 1048576 MINEXTENTS 1 MAXEXTENTS 2147483645
  PCTINCREASE 0 FREELISTS 1 FREELIST GROUPS 1 BUFFER_POOL DEFAULT FLASH_CACHE DEFAULT CELL_FLASH_CACHE DEFAULT)
  TABLESPACE "SYSTEM" ;
--------------------------------------------------------
--  DDL for Index 엔터티1_PK35
--------------------------------------------------------

  CREATE UNIQUE INDEX "EDR"."엔터티1_PK35" ON "EDR"."QNA" ("QNO") 
  PCTFREE 10 INITRANS 2 MAXTRANS 255 COMPUTE STATISTICS 
  STORAGE(INITIAL 65536 NEXT 1048576 MINEXTENTS 1 MAXEXTENTS 2147483645
  PCTINCREASE 0 FREELISTS 1 FREELIST GROUPS 1 BUFFER_POOL DEFAULT FLASH_CACHE DEFAULT CELL_FLASH_CACHE DEFAULT)
  TABLESPACE "SYSTEM" ;
--------------------------------------------------------
--  DDL for Index 엔터티1_PK9
--------------------------------------------------------

  CREATE UNIQUE INDEX "EDR"."엔터티1_PK9" ON "EDR"."CP_GUIDE_DETAIL" ("CP_EST_NO", "CP_DAY") 
  PCTFREE 10 INITRANS 2 MAXTRANS 255 COMPUTE STATISTICS 
  STORAGE(INITIAL 65536 NEXT 1048576 MINEXTENTS 1 MAXEXTENTS 2147483645
  PCTINCREASE 0 FREELISTS 1 FREELIST GROUPS 1 BUFFER_POOL DEFAULT FLASH_CACHE DEFAULT CELL_FLASH_CACHE DEFAULT)
  TABLESPACE "SYSTEM" ;
--------------------------------------------------------
--  DDL for Index 엔터티1_PK19
--------------------------------------------------------

  CREATE UNIQUE INDEX "EDR"."엔터티1_PK19" ON "EDR"."WARNING" ("RNO") 
  PCTFREE 10 INITRANS 2 MAXTRANS 255 COMPUTE STATISTICS 
  STORAGE(INITIAL 65536 NEXT 1048576 MINEXTENTS 1 MAXEXTENTS 2147483645
  PCTINCREASE 0 FREELISTS 1 FREELIST GROUPS 1 BUFFER_POOL DEFAULT FLASH_CACHE DEFAULT CELL_FLASH_CACHE DEFAULT)
  TABLESPACE "SYSTEM" ;
--------------------------------------------------------
--  DDL for Index 엔터티1_PK28
--------------------------------------------------------

  CREATE UNIQUE INDEX "EDR"."엔터티1_PK28" ON "EDR"."MESSAGE" ("MSG_NO") 
  PCTFREE 10 INITRANS 2 MAXTRANS 255 COMPUTE STATISTICS 
  STORAGE(INITIAL 65536 NEXT 1048576 MINEXTENTS 1 MAXEXTENTS 2147483645
  PCTINCREASE 0 FREELISTS 1 FREELIST GROUPS 1 BUFFER_POOL DEFAULT FLASH_CACHE DEFAULT CELL_FLASH_CACHE DEFAULT)
  TABLESPACE "SYSTEM" ;
--------------------------------------------------------
--  DDL for Index 엔터티1_PK36
--------------------------------------------------------

  CREATE UNIQUE INDEX "EDR"."엔터티1_PK36" ON "EDR"."REVIEW" ("REVIEW_NO") 
  PCTFREE 10 INITRANS 2 MAXTRANS 255 COMPUTE STATISTICS 
  STORAGE(INITIAL 65536 NEXT 1048576 MINEXTENTS 1 MAXEXTENTS 2147483645
  PCTINCREASE 0 FREELISTS 1 FREELIST GROUPS 1 BUFFER_POOL DEFAULT FLASH_CACHE DEFAULT CELL_FLASH_CACHE DEFAULT)
  TABLESPACE "SYSTEM" ;
--------------------------------------------------------
--  DDL for Index 엔터티1_PK33
--------------------------------------------------------

  CREATE UNIQUE INDEX "EDR"."엔터티1_PK33" ON "EDR"."GP_LANG" ("GP_NO", "LANG") 
  PCTFREE 10 INITRANS 2 MAXTRANS 255 COMPUTE STATISTICS 
  STORAGE(INITIAL 65536 NEXT 1048576 MINEXTENTS 1 MAXEXTENTS 2147483645
  PCTINCREASE 0 FREELISTS 1 FREELIST GROUPS 1 BUFFER_POOL DEFAULT FLASH_CACHE DEFAULT CELL_FLASH_CACHE DEFAULT)
  TABLESPACE "SYSTEM" ;
--------------------------------------------------------
--  DDL for Index 엔터티1_PK13
--------------------------------------------------------

  CREATE UNIQUE INDEX "EDR"."엔터티1_PK13" ON "EDR"."FAQ" ("FAQ_NO") 
  PCTFREE 10 INITRANS 2 MAXTRANS 255 COMPUTE STATISTICS 
  STORAGE(INITIAL 65536 NEXT 1048576 MINEXTENTS 1 MAXEXTENTS 2147483645
  PCTINCREASE 0 FREELISTS 1 FREELIST GROUPS 1 BUFFER_POOL DEFAULT FLASH_CACHE DEFAULT CELL_FLASH_CACHE DEFAULT)
  TABLESPACE "SYSTEM" ;
--------------------------------------------------------
--  DDL for Index UNI
--------------------------------------------------------

  CREATE UNIQUE INDEX "EDR"."UNI" ON "EDR"."MEMBER" ("EMAIL") 
  PCTFREE 10 INITRANS 2 MAXTRANS 255 COMPUTE STATISTICS 
  STORAGE(INITIAL 65536 NEXT 1048576 MINEXTENTS 1 MAXEXTENTS 2147483645
  PCTINCREASE 0 FREELISTS 1 FREELIST GROUPS 1 BUFFER_POOL DEFAULT FLASH_CACHE DEFAULT CELL_FLASH_CACHE DEFAULT)
  TABLESPACE "SYSTEM" ;
--------------------------------------------------------
--  DDL for Index 엔터티1_PK8
--------------------------------------------------------

  CREATE UNIQUE INDEX "EDR"."엔터티1_PK8" ON "EDR"."CP_GUIDE_EST" ("CP_EST_NO") 
  PCTFREE 10 INITRANS 2 MAXTRANS 255 COMPUTE STATISTICS 
  STORAGE(INITIAL 65536 NEXT 1048576 MINEXTENTS 1 MAXEXTENTS 2147483645
  PCTINCREASE 0 FREELISTS 1 FREELIST GROUPS 1 BUFFER_POOL DEFAULT FLASH_CACHE DEFAULT CELL_FLASH_CACHE DEFAULT)
  TABLESPACE "SYSTEM" ;
--------------------------------------------------------
--  DDL for Index 엔터티1_PK21
--------------------------------------------------------

  CREATE UNIQUE INDEX "EDR"."엔터티1_PK21" ON "EDR"."GUIDE_HISTORY" ("GH_NO") 
  PCTFREE 10 INITRANS 2 MAXTRANS 255 COMPUTE STATISTICS 
  STORAGE(INITIAL 65536 NEXT 1048576 MINEXTENTS 1 MAXEXTENTS 2147483645
  PCTINCREASE 0 FREELISTS 1 FREELIST GROUPS 1 BUFFER_POOL DEFAULT FLASH_CACHE DEFAULT CELL_FLASH_CACHE DEFAULT)
  TABLESPACE "SYSTEM" ;
--------------------------------------------------------
--  DDL for Index 엔터티1_PK38
--------------------------------------------------------

  CREATE UNIQUE INDEX "EDR"."엔터티1_PK38" ON "EDR"."GUIDE_LOCAL" ("MNO", "LOCAL_NO") 
  PCTFREE 10 INITRANS 2 MAXTRANS 255 COMPUTE STATISTICS 
  STORAGE(INITIAL 65536 NEXT 1048576 MINEXTENTS 1 MAXEXTENTS 2147483645
  PCTINCREASE 0 FREELISTS 1 FREELIST GROUPS 1 BUFFER_POOL DEFAULT FLASH_CACHE DEFAULT CELL_FLASH_CACHE DEFAULT)
  TABLESPACE "SYSTEM" ;
--------------------------------------------------------
--  DDL for Index 엔터티1_PK2
--------------------------------------------------------

  CREATE UNIQUE INDEX "EDR"."엔터티1_PK2" ON "EDR"."GUIDE_DETAIL" ("MNO") 
  PCTFREE 10 INITRANS 2 MAXTRANS 255 COMPUTE STATISTICS 
  STORAGE(INITIAL 65536 NEXT 1048576 MINEXTENTS 1 MAXEXTENTS 2147483645
  PCTINCREASE 0 FREELISTS 1 FREELIST GROUPS 1 BUFFER_POOL DEFAULT FLASH_CACHE DEFAULT CELL_FLASH_CACHE DEFAULT)
  TABLESPACE "SYSTEM" ;
--------------------------------------------------------
--  Constraints for Table CP_LANG
--------------------------------------------------------

  ALTER TABLE "EDR"."CP_LANG" ADD CONSTRAINT "엔터티1_1_PK33" PRIMARY KEY ("CP_NO", "LANG")
  USING INDEX PCTFREE 10 INITRANS 2 MAXTRANS 255 COMPUTE STATISTICS 
  STORAGE(INITIAL 65536 NEXT 1048576 MINEXTENTS 1 MAXEXTENTS 2147483645
  PCTINCREASE 0 FREELISTS 1 FREELIST GROUPS 1 BUFFER_POOL DEFAULT FLASH_CACHE DEFAULT CELL_FLASH_CACHE DEFAULT)
  TABLESPACE "SYSTEM"  ENABLE;
  ALTER TABLE "EDR"."CP_LANG" MODIFY ("CP_NO" NOT NULL ENABLE);
  ALTER TABLE "EDR"."CP_LANG" MODIFY ("LANG" NOT NULL ENABLE);
--------------------------------------------------------
--  Constraints for Table PRODUCT
--------------------------------------------------------

  ALTER TABLE "EDR"."PRODUCT" ADD CONSTRAINT "엔터티1_PK" PRIMARY KEY ("PNO")
  USING INDEX PCTFREE 10 INITRANS 2 MAXTRANS 255 COMPUTE STATISTICS 
  STORAGE(INITIAL 65536 NEXT 1048576 MINEXTENTS 1 MAXEXTENTS 2147483645
  PCTINCREASE 0 FREELISTS 1 FREELIST GROUPS 1 BUFFER_POOL DEFAULT FLASH_CACHE DEFAULT CELL_FLASH_CACHE DEFAULT)
  TABLESPACE "SYSTEM"  ENABLE;
  ALTER TABLE "EDR"."PRODUCT" MODIFY ("PKIND" NOT NULL ENABLE);
  ALTER TABLE "EDR"."PRODUCT" MODIFY ("PNO" NOT NULL ENABLE);
  ALTER TABLE "EDR"."PRODUCT" ADD CONSTRAINT "STATUS" CHECK (STATUS IN('Y', 'N')) ENABLE;
  ALTER TABLE "EDR"."PRODUCT" MODIFY ("STATUS" NOT NULL ENABLE);
  ALTER TABLE "EDR"."PRODUCT" ADD CONSTRAINT "PKIND" CHECK (PKIND IN('GP', 'CP')) ENABLE;
--------------------------------------------------------
--  Constraints for Table CP_GUIDE_DETAIL
--------------------------------------------------------

  ALTER TABLE "EDR"."CP_GUIDE_DETAIL" MODIFY ("CP_CNT" NOT NULL ENABLE);
  ALTER TABLE "EDR"."CP_GUIDE_DETAIL" MODIFY ("CP_TIME" NOT NULL ENABLE);
  ALTER TABLE "EDR"."CP_GUIDE_DETAIL" MODIFY ("CP_AREA" NOT NULL ENABLE);
  ALTER TABLE "EDR"."CP_GUIDE_DETAIL" ADD CONSTRAINT "엔터티1_PK5" PRIMARY KEY ("CP_EST_NO", "CP_DAY")
  USING INDEX PCTFREE 10 INITRANS 2 MAXTRANS 255 COMPUTE STATISTICS 
  STORAGE(INITIAL 65536 NEXT 1048576 MINEXTENTS 1 MAXEXTENTS 2147483645
  PCTINCREASE 0 FREELISTS 1 FREELIST GROUPS 1 BUFFER_POOL DEFAULT FLASH_CACHE DEFAULT CELL_FLASH_CACHE DEFAULT)
  TABLESPACE "SYSTEM"  ENABLE;
  ALTER TABLE "EDR"."CP_GUIDE_DETAIL" MODIFY ("CP_DAY" NOT NULL ENABLE);
  ALTER TABLE "EDR"."CP_GUIDE_DETAIL" MODIFY ("CP_EST_NO" NOT NULL ENABLE);
--------------------------------------------------------
--  Constraints for Table ATTACHMENT
--------------------------------------------------------

  ALTER TABLE "EDR"."ATTACHMENT" ADD CONSTRAINT "엔터티1_PK20" PRIMARY KEY ("FILE_NO")
  USING INDEX PCTFREE 10 INITRANS 2 MAXTRANS 255 COMPUTE STATISTICS 
  STORAGE(INITIAL 65536 NEXT 1048576 MINEXTENTS 1 MAXEXTENTS 2147483645
  PCTINCREASE 0 FREELISTS 1 FREELIST GROUPS 1 BUFFER_POOL DEFAULT FLASH_CACHE DEFAULT CELL_FLASH_CACHE DEFAULT)
  TABLESPACE "SYSTEM"  ENABLE;
  ALTER TABLE "EDR"."ATTACHMENT" MODIFY ("TTYPE" NOT NULL ENABLE);
  ALTER TABLE "EDR"."ATTACHMENT" MODIFY ("UPLOAD_DATE" NOT NULL ENABLE);
  ALTER TABLE "EDR"."ATTACHMENT" MODIFY ("FILE_PATH" NOT NULL ENABLE);
  ALTER TABLE "EDR"."ATTACHMENT" MODIFY ("CHANGE_NAME" NOT NULL ENABLE);
  ALTER TABLE "EDR"."ATTACHMENT" MODIFY ("ORIGIN_NAME" NOT NULL ENABLE);
  ALTER TABLE "EDR"."ATTACHMENT" MODIFY ("FILE_NO" NOT NULL ENABLE);
  ALTER TABLE "EDR"."ATTACHMENT" ADD CONSTRAINT "TTYPE" CHECK (TTYPE IN('GUIDE_HISTORY', 'CP_GUIDE_DETAIL','GP_DETAIL','GUIDE_DETAIL')) ENABLE;
  ALTER TABLE "EDR"."ATTACHMENT" ADD CONSTRAINT "PROFILE_YN" CHECK (PROFILE_YN IN('N', 'Y')) ENABLE;
--------------------------------------------------------
--  Constraints for Table MESSAGE
--------------------------------------------------------

  ALTER TABLE "EDR"."MESSAGE" ADD CONSTRAINT "엔터티1_PK28" PRIMARY KEY ("MSG_NO")
  USING INDEX PCTFREE 10 INITRANS 2 MAXTRANS 255 COMPUTE STATISTICS 
  STORAGE(INITIAL 65536 NEXT 1048576 MINEXTENTS 1 MAXEXTENTS 2147483645
  PCTINCREASE 0 FREELISTS 1 FREELIST GROUPS 1 BUFFER_POOL DEFAULT FLASH_CACHE DEFAULT CELL_FLASH_CACHE DEFAULT)
  TABLESPACE "SYSTEM"  ENABLE;
  ALTER TABLE "EDR"."MESSAGE" MODIFY ("RECEIVER" NOT NULL ENABLE);
  ALTER TABLE "EDR"."MESSAGE" MODIFY ("SENDER" NOT NULL ENABLE);
  ALTER TABLE "EDR"."MESSAGE" MODIFY ("MSG_CNT" NOT NULL ENABLE);
  ALTER TABLE "EDR"."MESSAGE" MODIFY ("MSG_NAME" NOT NULL ENABLE);
  ALTER TABLE "EDR"."MESSAGE" MODIFY ("MSG_NO" NOT NULL ENABLE);
--------------------------------------------------------
--  Constraints for Table GD_LOCAL
--------------------------------------------------------

  ALTER TABLE "EDR"."GD_LOCAL" MODIFY ("LOCAL_NO" NOT NULL ENABLE);
  ALTER TABLE "EDR"."GD_LOCAL" MODIFY ("MNO" NOT NULL ENABLE);
--------------------------------------------------------
--  Constraints for Table LOCAL
--------------------------------------------------------

  ALTER TABLE "EDR"."LOCAL" ADD CONSTRAINT "엔터티1_PK37" PRIMARY KEY ("LOCAL_NO")
  USING INDEX PCTFREE 10 INITRANS 2 MAXTRANS 255 COMPUTE STATISTICS 
  STORAGE(INITIAL 65536 NEXT 1048576 MINEXTENTS 1 MAXEXTENTS 2147483645
  PCTINCREASE 0 FREELISTS 1 FREELIST GROUPS 1 BUFFER_POOL DEFAULT FLASH_CACHE DEFAULT CELL_FLASH_CACHE DEFAULT)
  TABLESPACE "SYSTEM"  ENABLE;
  ALTER TABLE "EDR"."LOCAL" MODIFY ("LOCAL_NO" NOT NULL ENABLE);
  ALTER TABLE "EDR"."LOCAL" MODIFY ("LOCAL_NAME" NOT NULL ENABLE);
--------------------------------------------------------
--  Constraints for Table CP_REQUEST
--------------------------------------------------------

  ALTER TABLE "EDR"."CP_REQUEST" ADD CONSTRAINT "CP_STATE" CHECK (CP_STATE IN('WAIT','GWAIT','ENDPAY')) ENABLE;
  ALTER TABLE "EDR"."CP_REQUEST" ADD CONSTRAINT "엔터티1_PK7" PRIMARY KEY ("CP_NO")
  USING INDEX PCTFREE 10 INITRANS 2 MAXTRANS 255 COMPUTE STATISTICS 
  STORAGE(INITIAL 65536 NEXT 1048576 MINEXTENTS 1 MAXEXTENTS 2147483645
  PCTINCREASE 0 FREELISTS 1 FREELIST GROUPS 1 BUFFER_POOL DEFAULT FLASH_CACHE DEFAULT CELL_FLASH_CACHE DEFAULT)
  TABLESPACE "SYSTEM"  ENABLE;
  ALTER TABLE "EDR"."CP_REQUEST" MODIFY ("LOCAL_NO" NOT NULL ENABLE);
  ALTER TABLE "EDR"."CP_REQUEST" MODIFY ("CP_STATE" NOT NULL ENABLE);
  ALTER TABLE "EDR"."CP_REQUEST" MODIFY ("CP_AGE" NOT NULL ENABLE);
  ALTER TABLE "EDR"."CP_REQUEST" MODIFY ("CP_GENDER" NOT NULL ENABLE);
  ALTER TABLE "EDR"."CP_REQUEST" MODIFY ("CP_COST" NOT NULL ENABLE);
  ALTER TABLE "EDR"."CP_REQUEST" MODIFY ("CP_EDATE" NOT NULL ENABLE);
  ALTER TABLE "EDR"."CP_REQUEST" MODIFY ("CP_SDATE" NOT NULL ENABLE);
  ALTER TABLE "EDR"."CP_REQUEST" MODIFY ("CP_PERSON" NOT NULL ENABLE);
  ALTER TABLE "EDR"."CP_REQUEST" MODIFY ("CP_CNT" NOT NULL ENABLE);
  ALTER TABLE "EDR"."CP_REQUEST" MODIFY ("CP_TITLE" NOT NULL ENABLE);
  ALTER TABLE "EDR"."CP_REQUEST" MODIFY ("CP_DATE" NOT NULL ENABLE);
  ALTER TABLE "EDR"."CP_REQUEST" MODIFY ("MNO" NOT NULL ENABLE);
  ALTER TABLE "EDR"."CP_REQUEST" MODIFY ("CP_NO" NOT NULL ENABLE);
  ALTER TABLE "EDR"."CP_REQUEST" MODIFY ("CP_AREA" NOT NULL ENABLE);
--------------------------------------------------------
--  Constraints for Table WISHLIST
--------------------------------------------------------

  ALTER TABLE "EDR"."WISHLIST" MODIFY ("PNO" NOT NULL ENABLE);
  ALTER TABLE "EDR"."WISHLIST" ADD CONSTRAINT "엔터티1_PK26" PRIMARY KEY ("PNO")
  USING INDEX PCTFREE 10 INITRANS 2 MAXTRANS 255 COMPUTE STATISTICS 
  STORAGE(INITIAL 65536 NEXT 1048576 MINEXTENTS 1 MAXEXTENTS 2147483645
  PCTINCREASE 0 FREELISTS 1 FREELIST GROUPS 1 BUFFER_POOL DEFAULT FLASH_CACHE DEFAULT CELL_FLASH_CACHE DEFAULT)
  TABLESPACE "SYSTEM"  ENABLE;
  ALTER TABLE "EDR"."WISHLIST" MODIFY ("MNO" NOT NULL ENABLE);
--------------------------------------------------------
--  Constraints for Table GP_LANG
--------------------------------------------------------

  ALTER TABLE "EDR"."GP_LANG" ADD CONSTRAINT "엔터티1_PK33" PRIMARY KEY ("GP_NO", "LANG")
  USING INDEX PCTFREE 10 INITRANS 2 MAXTRANS 255 COMPUTE STATISTICS 
  STORAGE(INITIAL 65536 NEXT 1048576 MINEXTENTS 1 MAXEXTENTS 2147483645
  PCTINCREASE 0 FREELISTS 1 FREELIST GROUPS 1 BUFFER_POOL DEFAULT FLASH_CACHE DEFAULT CELL_FLASH_CACHE DEFAULT)
  TABLESPACE "SYSTEM"  ENABLE;
  ALTER TABLE "EDR"."GP_LANG" MODIFY ("GP_NO" NOT NULL ENABLE);
  ALTER TABLE "EDR"."GP_LANG" MODIFY ("LANG" NOT NULL ENABLE);
--------------------------------------------------------
--  Constraints for Table CP_PRICEDETAIL
--------------------------------------------------------

  ALTER TABLE "EDR"."CP_PRICEDETAIL" ADD CONSTRAINT "CP_INC" CHECK (CP_INC IN('INCLUDE','NOTCLUDE')) ENABLE;
  ALTER TABLE "EDR"."CP_PRICEDETAIL" ADD CONSTRAINT "엔터티1_PK31" PRIMARY KEY ("CP_EST_NO", "CP_CATEGORY")
  USING INDEX PCTFREE 10 INITRANS 2 MAXTRANS 255 COMPUTE STATISTICS 
  STORAGE(INITIAL 65536 NEXT 1048576 MINEXTENTS 1 MAXEXTENTS 2147483645
  PCTINCREASE 0 FREELISTS 1 FREELIST GROUPS 1 BUFFER_POOL DEFAULT FLASH_CACHE DEFAULT CELL_FLASH_CACHE DEFAULT)
  TABLESPACE "SYSTEM"  ENABLE;
  ALTER TABLE "EDR"."CP_PRICEDETAIL" MODIFY ("CP_INC" NOT NULL ENABLE);
  ALTER TABLE "EDR"."CP_PRICEDETAIL" MODIFY ("CP_PRICE" NOT NULL ENABLE);
  ALTER TABLE "EDR"."CP_PRICEDETAIL" MODIFY ("CP_CATEGORY" NOT NULL ENABLE);
  ALTER TABLE "EDR"."CP_PRICEDETAIL" MODIFY ("CP_EST_NO" NOT NULL ENABLE);
--------------------------------------------------------
--  Constraints for Table ORDERLIST
--------------------------------------------------------

  ALTER TABLE "EDR"."ORDERLIST" MODIFY ("MNO" NOT NULL ENABLE);
  ALTER TABLE "EDR"."ORDERLIST" MODIFY ("PNO" NOT NULL ENABLE);
  ALTER TABLE "EDR"."ORDERLIST" MODIFY ("ORDER_NO" NOT NULL ENABLE);
  ALTER TABLE "EDR"."ORDERLIST" ADD CONSTRAINT "엔터티1_PK6" PRIMARY KEY ("PNO", "ORDER_NO")
  USING INDEX PCTFREE 10 INITRANS 2 MAXTRANS 255 COMPUTE STATISTICS 
  STORAGE(INITIAL 65536 NEXT 1048576 MINEXTENTS 1 MAXEXTENTS 2147483645
  PCTINCREASE 0 FREELISTS 1 FREELIST GROUPS 1 BUFFER_POOL DEFAULT FLASH_CACHE DEFAULT CELL_FLASH_CACHE DEFAULT)
  TABLESPACE "SYSTEM"  ENABLE;
  ALTER TABLE "EDR"."ORDERLIST" MODIFY ("ORDER_CODE" NOT NULL ENABLE);
  ALTER TABLE "EDR"."ORDERLIST" MODIFY ("ORDER_EMAIL" NOT NULL ENABLE);
  ALTER TABLE "EDR"."ORDERLIST" MODIFY ("ORDER_PHONE" NOT NULL ENABLE);
  ALTER TABLE "EDR"."ORDERLIST" MODIFY ("ORDER_NAME" NOT NULL ENABLE);
--------------------------------------------------------
--  Constraints for Table PAYMENT
--------------------------------------------------------

  ALTER TABLE "EDR"."PAYMENT" ADD CONSTRAINT "엔터티1_PK23" PRIMARY KEY ("PAY_NO")
  USING INDEX PCTFREE 10 INITRANS 2 MAXTRANS 255 COMPUTE STATISTICS 
  STORAGE(INITIAL 65536 NEXT 1048576 MINEXTENTS 1 MAXEXTENTS 2147483645
  PCTINCREASE 0 FREELISTS 1 FREELIST GROUPS 1 BUFFER_POOL DEFAULT FLASH_CACHE DEFAULT CELL_FLASH_CACHE DEFAULT)
  TABLESPACE "SYSTEM"  ENABLE;
  ALTER TABLE "EDR"."PAYMENT" MODIFY ("PAY_STATE" NOT NULL ENABLE);
  ALTER TABLE "EDR"."PAYMENT" MODIFY ("PAY_CHANGE" NOT NULL ENABLE);
  ALTER TABLE "EDR"."PAYMENT" ADD CONSTRAINT "PAYMENT_STATE" CHECK (PAY_STATE IN ('ENDREFUND','CANCLEPAY', 'ENDPAY','CANCLEREFUND','REFUNDIN','WAITPAY')) ENABLE;
  ALTER TABLE "EDR"."PAYMENT" MODIFY ("PAY_KIND" NOT NULL ENABLE);
  ALTER TABLE "EDR"."PAYMENT" MODIFY ("PAY_COST" NOT NULL ENABLE);
  ALTER TABLE "EDR"."PAYMENT" MODIFY ("ORDER_NO" NOT NULL ENABLE);
  ALTER TABLE "EDR"."PAYMENT" MODIFY ("PNO" NOT NULL ENABLE);
  ALTER TABLE "EDR"."PAYMENT" MODIFY ("PAY_NO" NOT NULL ENABLE);
--------------------------------------------------------
--  Constraints for Table GUIDE_LOCAL
--------------------------------------------------------

  ALTER TABLE "EDR"."GUIDE_LOCAL" ADD CONSTRAINT "엔터티1_PK38" PRIMARY KEY ("MNO", "LOCAL_NO")
  USING INDEX PCTFREE 10 INITRANS 2 MAXTRANS 255 COMPUTE STATISTICS 
  STORAGE(INITIAL 65536 NEXT 1048576 MINEXTENTS 1 MAXEXTENTS 2147483645
  PCTINCREASE 0 FREELISTS 1 FREELIST GROUPS 1 BUFFER_POOL DEFAULT FLASH_CACHE DEFAULT CELL_FLASH_CACHE DEFAULT)
  TABLESPACE "SYSTEM"  ENABLE;
  ALTER TABLE "EDR"."GUIDE_LOCAL" MODIFY ("LOCAL_NO" NOT NULL ENABLE);
  ALTER TABLE "EDR"."GUIDE_LOCAL" MODIFY ("MNO" NOT NULL ENABLE);
--------------------------------------------------------
--  Constraints for Table GP_DETAIL
--------------------------------------------------------

  ALTER TABLE "EDR"."GP_DETAIL" ADD CONSTRAINT "엔터티1_1_PK5" PRIMARY KEY ("GP_NO", "GP_DAY", "GP_DAY_SEQ")
  USING INDEX PCTFREE 10 INITRANS 2 MAXTRANS 255 COMPUTE STATISTICS 
  STORAGE(INITIAL 65536 NEXT 1048576 MINEXTENTS 1 MAXEXTENTS 2147483645
  PCTINCREASE 0 FREELISTS 1 FREELIST GROUPS 1 BUFFER_POOL DEFAULT FLASH_CACHE DEFAULT CELL_FLASH_CACHE DEFAULT)
  TABLESPACE "SYSTEM"  ENABLE;
  ALTER TABLE "EDR"."GP_DETAIL" MODIFY ("GP_CNT" NOT NULL ENABLE);
  ALTER TABLE "EDR"."GP_DETAIL" MODIFY ("GP_TIME" NOT NULL ENABLE);
  ALTER TABLE "EDR"."GP_DETAIL" MODIFY ("GP_LOCATION" NOT NULL ENABLE);
  ALTER TABLE "EDR"."GP_DETAIL" MODIFY ("GP_DAY_SEQ" NOT NULL ENABLE);
  ALTER TABLE "EDR"."GP_DETAIL" MODIFY ("GP_DAY" NOT NULL ENABLE);
  ALTER TABLE "EDR"."GP_DETAIL" MODIFY ("GP_NO" NOT NULL ENABLE);
--------------------------------------------------------
--  Constraints for Table GP
--------------------------------------------------------

  ALTER TABLE "EDR"."GP" MODIFY ("GP_TDAY" NOT NULL ENABLE);
  ALTER TABLE "EDR"."GP" MODIFY ("STATE" NOT NULL ENABLE);
  ALTER TABLE "EDR"."GP" MODIFY ("GP_RDAY" NOT NULL ENABLE);
  ALTER TABLE "EDR"."GP" MODIFY ("GP_MEET_Y" NOT NULL ENABLE);
  ALTER TABLE "EDR"."GP" ADD CONSTRAINT "엔터티1_PK3" PRIMARY KEY ("GP_NO")
  USING INDEX PCTFREE 10 INITRANS 2 MAXTRANS 255 COMPUTE STATISTICS 
  STORAGE(INITIAL 65536 NEXT 1048576 MINEXTENTS 1 MAXEXTENTS 2147483645
  PCTINCREASE 0 FREELISTS 1 FREELIST GROUPS 1 BUFFER_POOL DEFAULT FLASH_CACHE DEFAULT CELL_FLASH_CACHE DEFAULT)
  TABLESPACE "SYSTEM"  ENABLE;
  ALTER TABLE "EDR"."GP" MODIFY ("LOCAL_NO" NOT NULL ENABLE);
  ALTER TABLE "EDR"."GP" MODIFY ("MNO" NOT NULL ENABLE);
  ALTER TABLE "EDR"."GP" MODIFY ("ALLOW_YN" NOT NULL ENABLE);
  ALTER TABLE "EDR"."GP" MODIFY ("GP_MEET_AREA" NOT NULL ENABLE);
  ALTER TABLE "EDR"."GP" MODIFY ("GP_MEET_TIME" NOT NULL ENABLE);
  ALTER TABLE "EDR"."GP" MODIFY ("GP_NOTICE" NOT NULL ENABLE);
  ALTER TABLE "EDR"."GP" MODIFY ("GP_COST" NOT NULL ENABLE);
  ALTER TABLE "EDR"."GP" MODIFY ("GP_MAX" NOT NULL ENABLE);
  ALTER TABLE "EDR"."GP" MODIFY ("GP_MIN" NOT NULL ENABLE);
  ALTER TABLE "EDR"."GP" MODIFY ("GP_DESCR" NOT NULL ENABLE);
  ALTER TABLE "EDR"."GP" MODIFY ("GP_NAME" NOT NULL ENABLE);
  ALTER TABLE "EDR"."GP" MODIFY ("GP_NO" NOT NULL ENABLE);
  ALTER TABLE "EDR"."GP" MODIFY ("GP_MEET_X" NOT NULL ENABLE);
  ALTER TABLE "EDR"."GP" ADD CONSTRAINT "ALLOW_YN" CHECK (ALLOW_YN IN ('Y', 'N')) ENABLE;
--------------------------------------------------------
--  Constraints for Table GP_PRICEDETAIL
--------------------------------------------------------

  ALTER TABLE "EDR"."GP_PRICEDETAIL" ADD CONSTRAINT "엔터티1_PK32" PRIMARY KEY ("GP_NO", "GP_CATEGORY")
  USING INDEX PCTFREE 10 INITRANS 2 MAXTRANS 255 COMPUTE STATISTICS 
  STORAGE(INITIAL 65536 NEXT 1048576 MINEXTENTS 1 MAXEXTENTS 2147483645
  PCTINCREASE 0 FREELISTS 1 FREELIST GROUPS 1 BUFFER_POOL DEFAULT FLASH_CACHE DEFAULT CELL_FLASH_CACHE DEFAULT)
  TABLESPACE "SYSTEM"  ENABLE;
  ALTER TABLE "EDR"."GP_PRICEDETAIL" MODIFY ("GP_INC" NOT NULL ENABLE);
  ALTER TABLE "EDR"."GP_PRICEDETAIL" MODIFY ("GP_NO" NOT NULL ENABLE);
  ALTER TABLE "EDR"."GP_PRICEDETAIL" MODIFY ("GP_CATEGORY" NOT NULL ENABLE);
  ALTER TABLE "EDR"."GP_PRICEDETAIL" ADD CONSTRAINT "GP_INC" CHECK (GP_INC IN ('INCLUDE', 'NOTCLUDE')) ENABLE;
--------------------------------------------------------
--  Constraints for Table CALC
--------------------------------------------------------

  ALTER TABLE "EDR"."CALC" ADD CONSTRAINT "CACL_STATE" CHECK (CALC_STATE IN('WAIT','ENDPAY','HOLD')) ENABLE;
  ALTER TABLE "EDR"."CALC" ADD CONSTRAINT "엔터티1_PK24" PRIMARY KEY ("CALC_NO")
  USING INDEX PCTFREE 10 INITRANS 2 MAXTRANS 255 COMPUTE STATISTICS 
  STORAGE(INITIAL 65536 NEXT 1048576 MINEXTENTS 1 MAXEXTENTS 2147483645
  PCTINCREASE 0 FREELISTS 1 FREELIST GROUPS 1 BUFFER_POOL DEFAULT FLASH_CACHE DEFAULT CELL_FLASH_CACHE DEFAULT)
  TABLESPACE "SYSTEM"  ENABLE;
  ALTER TABLE "EDR"."CALC" MODIFY ("CALC_STATE" NOT NULL ENABLE);
  ALTER TABLE "EDR"."CALC" MODIFY ("CALC_CHANGE" NOT NULL ENABLE);
  ALTER TABLE "EDR"."CALC" MODIFY ("CALC_PAYMENT" NOT NULL ENABLE);
  ALTER TABLE "EDR"."CALC" MODIFY ("CALC_DATE" NOT NULL ENABLE);
  ALTER TABLE "EDR"."CALC" MODIFY ("CALC_COST" NOT NULL ENABLE);
  ALTER TABLE "EDR"."CALC" MODIFY ("ORDER_DETAIL_NO" NOT NULL ENABLE);
  ALTER TABLE "EDR"."CALC" MODIFY ("MNO" NOT NULL ENABLE);
  ALTER TABLE "EDR"."CALC" MODIFY ("CALC_NO" NOT NULL ENABLE);
--------------------------------------------------------
--  Constraints for Table GUIDE_DETAIL
--------------------------------------------------------

  ALTER TABLE "EDR"."GUIDE_DETAIL" ADD CONSTRAINT "엔터티1_PK2" PRIMARY KEY ("MNO")
  USING INDEX PCTFREE 10 INITRANS 2 MAXTRANS 255 COMPUTE STATISTICS 
  STORAGE(INITIAL 65536 NEXT 1048576 MINEXTENTS 1 MAXEXTENTS 2147483645
  PCTINCREASE 0 FREELISTS 1 FREELIST GROUPS 1 BUFFER_POOL DEFAULT FLASH_CACHE DEFAULT CELL_FLASH_CACHE DEFAULT)
  TABLESPACE "SYSTEM"  ENABLE;
  ALTER TABLE "EDR"."GUIDE_DETAIL" MODIFY ("TB_BAN" NOT NULL ENABLE);
  ALTER TABLE "EDR"."GUIDE_DETAIL" MODIFY ("EXP_YN" NOT NULL ENABLE);
  ALTER TABLE "EDR"."GUIDE_DETAIL" MODIFY ("INTRODUCE" NOT NULL ENABLE);
  ALTER TABLE "EDR"."GUIDE_DETAIL" MODIFY ("PERIOD" NOT NULL ENABLE);
  ALTER TABLE "EDR"."GUIDE_DETAIL" MODIFY ("LANG" NOT NULL ENABLE);
  ALTER TABLE "EDR"."GUIDE_DETAIL" MODIFY ("ADDRESS" NOT NULL ENABLE);
  ALTER TABLE "EDR"."GUIDE_DETAIL" MODIFY ("PHONE2" NOT NULL ENABLE);
  ALTER TABLE "EDR"."GUIDE_DETAIL" MODIFY ("PHONE" NOT NULL ENABLE);
  ALTER TABLE "EDR"."GUIDE_DETAIL" MODIFY ("KAKAO_ID" NOT NULL ENABLE);
  ALTER TABLE "EDR"."GUIDE_DETAIL" MODIFY ("GNAME" NOT NULL ENABLE);
  ALTER TABLE "EDR"."GUIDE_DETAIL" MODIFY ("MNO" NOT NULL ENABLE);
  ALTER TABLE "EDR"."GUIDE_DETAIL" ADD CONSTRAINT "TB_BAN" CHECK (TB_BAN IN ('Y', 'N')) ENABLE;
  ALTER TABLE "EDR"."GUIDE_DETAIL" ADD CONSTRAINT "EXP_YN" CHECK (EXP_YN IN ('Y', 'N')) ENABLE;
--------------------------------------------------------
--  Constraints for Table ORDER_DETAIL
--------------------------------------------------------

  ALTER TABLE "EDR"."ORDER_DETAIL" ADD CONSTRAINT "TOUR_STATE" CHECK (TOUR_STATE IN('WAITTOUR', 'ENDTOUR')) ENABLE;
  ALTER TABLE "EDR"."ORDER_DETAIL" MODIFY ("RECE_PERSON" NOT NULL ENABLE);
  ALTER TABLE "EDR"."ORDER_DETAIL" ADD CONSTRAINT "엔터티1_PK25" PRIMARY KEY ("ORDER_DETAIL_NO")
  USING INDEX PCTFREE 10 INITRANS 2 MAXTRANS 255 COMPUTE STATISTICS 
  STORAGE(INITIAL 65536 NEXT 1048576 MINEXTENTS 1 MAXEXTENTS 2147483645
  PCTINCREASE 0 FREELISTS 1 FREELIST GROUPS 1 BUFFER_POOL DEFAULT FLASH_CACHE DEFAULT CELL_FLASH_CACHE DEFAULT)
  TABLESPACE "SYSTEM"  ENABLE;
  ALTER TABLE "EDR"."ORDER_DETAIL" MODIFY ("TOUR_STATE" NOT NULL ENABLE);
  ALTER TABLE "EDR"."ORDER_DETAIL" MODIFY ("RECE_AGE" NOT NULL ENABLE);
  ALTER TABLE "EDR"."ORDER_DETAIL" MODIFY ("RECE_EMAIL" NOT NULL ENABLE);
  ALTER TABLE "EDR"."ORDER_DETAIL" MODIFY ("RECE_PHONE2" NOT NULL ENABLE);
  ALTER TABLE "EDR"."ORDER_DETAIL" MODIFY ("RECE_PHONE" NOT NULL ENABLE);
  ALTER TABLE "EDR"."ORDER_DETAIL" MODIFY ("RECE_GENDER" NOT NULL ENABLE);
  ALTER TABLE "EDR"."ORDER_DETAIL" MODIFY ("RECE_NAME" NOT NULL ENABLE);
  ALTER TABLE "EDR"."ORDER_DETAIL" MODIFY ("PNO" NOT NULL ENABLE);
  ALTER TABLE "EDR"."ORDER_DETAIL" MODIFY ("ORDER_NO" NOT NULL ENABLE);
  ALTER TABLE "EDR"."ORDER_DETAIL" MODIFY ("ORDER_DETAIL_NO" NOT NULL ENABLE);
--------------------------------------------------------
--  Constraints for Table BLACKLIST
--------------------------------------------------------

  ALTER TABLE "EDR"."BLACKLIST" ADD CONSTRAINT "엔터티1_PK17" PRIMARY KEY ("MNO")
  USING INDEX PCTFREE 10 INITRANS 2 MAXTRANS 255 COMPUTE STATISTICS 
  STORAGE(INITIAL 65536 NEXT 1048576 MINEXTENTS 1 MAXEXTENTS 2147483645
  PCTINCREASE 0 FREELISTS 1 FREELIST GROUPS 1 BUFFER_POOL DEFAULT FLASH_CACHE DEFAULT CELL_FLASH_CACHE DEFAULT)
  TABLESPACE "SYSTEM"  ENABLE;
  ALTER TABLE "EDR"."BLACKLIST" MODIFY ("BLACKLIST_DATE" NOT NULL ENABLE);
  ALTER TABLE "EDR"."BLACKLIST" MODIFY ("BLACKLIST_REASON" NOT NULL ENABLE);
  ALTER TABLE "EDR"."BLACKLIST" MODIFY ("MNO" NOT NULL ENABLE);
--------------------------------------------------------
--  Constraints for Table GUIDE_HISTORY
--------------------------------------------------------

  ALTER TABLE "EDR"."GUIDE_HISTORY" MODIFY ("GH_NO" NOT NULL ENABLE);
  ALTER TABLE "EDR"."GUIDE_HISTORY" ADD CONSTRAINT "GH_STATE" CHECK (GH_STATE IN('WAIT','FAIL','OK')) ENABLE;
  ALTER TABLE "EDR"."GUIDE_HISTORY" ADD CONSTRAINT "INTERVIEW_YN" CHECK (INTERVIEW_YN IN('Y','N')) ENABLE;
  ALTER TABLE "EDR"."GUIDE_HISTORY" ADD CONSTRAINT "엔터티1_PK21" PRIMARY KEY ("GH_NO")
  USING INDEX PCTFREE 10 INITRANS 2 MAXTRANS 255 COMPUTE STATISTICS 
  STORAGE(INITIAL 65536 NEXT 1048576 MINEXTENTS 1 MAXEXTENTS 2147483645
  PCTINCREASE 0 FREELISTS 1 FREELIST GROUPS 1 BUFFER_POOL DEFAULT FLASH_CACHE DEFAULT CELL_FLASH_CACHE DEFAULT)
  TABLESPACE "SYSTEM"  ENABLE;
  ALTER TABLE "EDR"."GUIDE_HISTORY" MODIFY ("GH_STATE" NOT NULL ENABLE);
  ALTER TABLE "EDR"."GUIDE_HISTORY" MODIFY ("INTERVIEW_TIME" NOT NULL ENABLE);
  ALTER TABLE "EDR"."GUIDE_HISTORY" MODIFY ("INTERVIEW_DATE" NOT NULL ENABLE);
  ALTER TABLE "EDR"."GUIDE_HISTORY" MODIFY ("INTERVIEW_YN" NOT NULL ENABLE);
  ALTER TABLE "EDR"."GUIDE_HISTORY" MODIFY ("GH_DATE" NOT NULL ENABLE);
  ALTER TABLE "EDR"."GUIDE_HISTORY" MODIFY ("MNO" NOT NULL ENABLE);
--------------------------------------------------------
--  Constraints for Table CP_GUIDE_EST
--------------------------------------------------------

  ALTER TABLE "EDR"."CP_GUIDE_EST" ADD CONSTRAINT "EST_STATUS" CHECK (STATUS IN('WAIT', 'FAIL', 'OK')) ENABLE;
  ALTER TABLE "EDR"."CP_GUIDE_EST" ADD CONSTRAINT "엔터티1_PK8" PRIMARY KEY ("CP_EST_NO")
  USING INDEX PCTFREE 10 INITRANS 2 MAXTRANS 255 COMPUTE STATISTICS 
  STORAGE(INITIAL 65536 NEXT 1048576 MINEXTENTS 1 MAXEXTENTS 2147483645
  PCTINCREASE 0 FREELISTS 1 FREELIST GROUPS 1 BUFFER_POOL DEFAULT FLASH_CACHE DEFAULT CELL_FLASH_CACHE DEFAULT)
  TABLESPACE "SYSTEM"  ENABLE;
  ALTER TABLE "EDR"."CP_GUIDE_EST" MODIFY ("STATUS" NOT NULL ENABLE);
  ALTER TABLE "EDR"."CP_GUIDE_EST" MODIFY ("UNIQUENESS" NOT NULL ENABLE);
  ALTER TABLE "EDR"."CP_GUIDE_EST" MODIFY ("MEET_AREA" NOT NULL ENABLE);
  ALTER TABLE "EDR"."CP_GUIDE_EST" MODIFY ("MEET_TIME" NOT NULL ENABLE);
  ALTER TABLE "EDR"."CP_GUIDE_EST" MODIFY ("TOTAL_COST" NOT NULL ENABLE);
  ALTER TABLE "EDR"."CP_GUIDE_EST" MODIFY ("MNO" NOT NULL ENABLE);
  ALTER TABLE "EDR"."CP_GUIDE_EST" MODIFY ("CP_NO" NOT NULL ENABLE);
  ALTER TABLE "EDR"."CP_GUIDE_EST" MODIFY ("CP_EST_NO" NOT NULL ENABLE);
--------------------------------------------------------
--  Constraints for Table REPORT
--------------------------------------------------------

  ALTER TABLE "EDR"."REPORT" ADD CONSTRAINT "엔터티1_PK18" PRIMARY KEY ("RNO")
  USING INDEX PCTFREE 10 INITRANS 2 MAXTRANS 255 COMPUTE STATISTICS 
  STORAGE(INITIAL 65536 NEXT 1048576 MINEXTENTS 1 MAXEXTENTS 2147483645
  PCTINCREASE 0 FREELISTS 1 FREELIST GROUPS 1 BUFFER_POOL DEFAULT FLASH_CACHE DEFAULT CELL_FLASH_CACHE DEFAULT)
  TABLESPACE "SYSTEM"  ENABLE;
  ALTER TABLE "EDR"."REPORT" MODIFY ("RTARGET" NOT NULL ENABLE);
  ALTER TABLE "EDR"."REPORT" MODIFY ("RNAME" NOT NULL ENABLE);
  ALTER TABLE "EDR"."REPORT" MODIFY ("PNO" NOT NULL ENABLE);
  ALTER TABLE "EDR"."REPORT" MODIFY ("ORDER_NO" NOT NULL ENABLE);
  ALTER TABLE "EDR"."REPORT" MODIFY ("REPORT_YN" NOT NULL ENABLE);
  ALTER TABLE "EDR"."REPORT" MODIFY ("RCNT" NOT NULL ENABLE);
  ALTER TABLE "EDR"."REPORT" MODIFY ("RTITLE" NOT NULL ENABLE);
  ALTER TABLE "EDR"."REPORT" MODIFY ("RNO" NOT NULL ENABLE);
  ALTER TABLE "EDR"."REPORT" ADD CONSTRAINT "REPORT_YN" CHECK (REPORT_YN IN('Y', 'N')) ENABLE;
--------------------------------------------------------
--  Constraints for Table REVIEW
--------------------------------------------------------

  ALTER TABLE "EDR"."REVIEW" ADD CONSTRAINT "엔터티1_PK36" PRIMARY KEY ("REVIEW_NO")
  USING INDEX PCTFREE 10 INITRANS 2 MAXTRANS 255 COMPUTE STATISTICS 
  STORAGE(INITIAL 65536 NEXT 1048576 MINEXTENTS 1 MAXEXTENTS 2147483645
  PCTINCREASE 0 FREELISTS 1 FREELIST GROUPS 1 BUFFER_POOL DEFAULT FLASH_CACHE DEFAULT CELL_FLASH_CACHE DEFAULT)
  TABLESPACE "SYSTEM"  ENABLE;
  ALTER TABLE "EDR"."REVIEW" MODIFY ("REVIEW_YN" NOT NULL ENABLE);
  ALTER TABLE "EDR"."REVIEW" MODIFY ("MNO" NOT NULL ENABLE);
  ALTER TABLE "EDR"."REVIEW" MODIFY ("ORDER_DETAIL_NO" NOT NULL ENABLE);
  ALTER TABLE "EDR"."REVIEW" MODIFY ("REPLY_YN" NOT NULL ENABLE);
  ALTER TABLE "EDR"."REVIEW" MODIFY ("REVIEW_CNT" NOT NULL ENABLE);
  ALTER TABLE "EDR"."REVIEW" MODIFY ("PROGRAM_RATING" NOT NULL ENABLE);
  ALTER TABLE "EDR"."REVIEW" MODIFY ("GUIDE_RATING" NOT NULL ENABLE);
  ALTER TABLE "EDR"."REVIEW" MODIFY ("REVIEW_NO" NOT NULL ENABLE);
  ALTER TABLE "EDR"."REVIEW" ADD CONSTRAINT "REVIEW_YN" CHECK (REVIEW_YN IN('Y','N')) ENABLE;
  ALTER TABLE "EDR"."REVIEW" MODIFY ("GP_NO" NOT NULL ENABLE);
--------------------------------------------------------
--  Constraints for Table MEMBER
--------------------------------------------------------

  ALTER TABLE "EDR"."MEMBER" ADD CONSTRAINT "엔터티1_PK34" PRIMARY KEY ("MNO")
  USING INDEX PCTFREE 10 INITRANS 2 MAXTRANS 255 COMPUTE STATISTICS 
  STORAGE(INITIAL 65536 NEXT 1048576 MINEXTENTS 1 MAXEXTENTS 2147483645
  PCTINCREASE 0 FREELISTS 1 FREELIST GROUPS 1 BUFFER_POOL DEFAULT FLASH_CACHE DEFAULT CELL_FLASH_CACHE DEFAULT)
  TABLESPACE "SYSTEM"  ENABLE;
  ALTER TABLE "EDR"."MEMBER" MODIFY ("MTYPE" NOT NULL ENABLE);
  ALTER TABLE "EDR"."MEMBER" MODIFY ("MODIFY_YN" NOT NULL ENABLE);
  ALTER TABLE "EDR"."MEMBER" MODIFY ("EMAIL_YN" NOT NULL ENABLE);
  ALTER TABLE "EDR"."MEMBER" MODIFY ("ENROLL_DATE" NOT NULL ENABLE);
  ALTER TABLE "EDR"."MEMBER" MODIFY ("WCOUNT" NOT NULL ENABLE);
  ALTER TABLE "EDR"."MEMBER" MODIFY ("MBIRTH" NOT NULL ENABLE);
  ALTER TABLE "EDR"."MEMBER" MODIFY ("MGENDER" NOT NULL ENABLE);
  ALTER TABLE "EDR"."MEMBER" MODIFY ("MPWD" NOT NULL ENABLE);
  ALTER TABLE "EDR"."MEMBER" MODIFY ("EMAIL" NOT NULL ENABLE);
  ALTER TABLE "EDR"."MEMBER" MODIFY ("NICKNAME" NOT NULL ENABLE);
  ALTER TABLE "EDR"."MEMBER" MODIFY ("MNO" NOT NULL ENABLE);
  ALTER TABLE "EDR"."MEMBER" ADD CONSTRAINT "UNI2" UNIQUE ("NICKNAME")
  USING INDEX PCTFREE 10 INITRANS 2 MAXTRANS 255 COMPUTE STATISTICS 
  STORAGE(INITIAL 65536 NEXT 1048576 MINEXTENTS 1 MAXEXTENTS 2147483645
  PCTINCREASE 0 FREELISTS 1 FREELIST GROUPS 1 BUFFER_POOL DEFAULT FLASH_CACHE DEFAULT CELL_FLASH_CACHE DEFAULT)
  TABLESPACE "SYSTEM"  ENABLE;
  ALTER TABLE "EDR"."MEMBER" ADD CONSTRAINT "UNI" UNIQUE ("EMAIL")
  USING INDEX PCTFREE 10 INITRANS 2 MAXTRANS 255 COMPUTE STATISTICS 
  STORAGE(INITIAL 65536 NEXT 1048576 MINEXTENTS 1 MAXEXTENTS 2147483645
  PCTINCREASE 0 FREELISTS 1 FREELIST GROUPS 1 BUFFER_POOL DEFAULT FLASH_CACHE DEFAULT CELL_FLASH_CACHE DEFAULT)
  TABLESPACE "SYSTEM"  ENABLE;
  ALTER TABLE "EDR"."MEMBER" ADD CONSTRAINT "EMAIL" CHECK (EMAIL_YN IN('Y', 'N')) ENABLE;
  ALTER TABLE "EDR"."MEMBER" ADD CONSTRAINT "MTYPE" CHECK (MTYPE IN('TOURIST', 'GUIDE', 'ADMIN')) ENABLE;
  ALTER TABLE "EDR"."MEMBER" ADD CONSTRAINT "MGENDER" CHECK (MGENDER IN('M', 'F')) ENABLE;
--------------------------------------------------------
--  Constraints for Table WARNING
--------------------------------------------------------

  ALTER TABLE "EDR"."WARNING" ADD CONSTRAINT "엔터티1_PK19" PRIMARY KEY ("RNO")
  USING INDEX PCTFREE 10 INITRANS 2 MAXTRANS 255 COMPUTE STATISTICS 
  STORAGE(INITIAL 65536 NEXT 1048576 MINEXTENTS 1 MAXEXTENTS 2147483645
  PCTINCREASE 0 FREELISTS 1 FREELIST GROUPS 1 BUFFER_POOL DEFAULT FLASH_CACHE DEFAULT CELL_FLASH_CACHE DEFAULT)
  TABLESPACE "SYSTEM"  ENABLE;
  ALTER TABLE "EDR"."WARNING" MODIFY ("REG_DATE" NOT NULL ENABLE);
  ALTER TABLE "EDR"."WARNING" MODIFY ("MNO" NOT NULL ENABLE);
  ALTER TABLE "EDR"."WARNING" MODIFY ("RNO" NOT NULL ENABLE);
--------------------------------------------------------
--  Constraints for Table FAQ
--------------------------------------------------------

  ALTER TABLE "EDR"."FAQ" ADD CONSTRAINT "엔터티1_PK13" PRIMARY KEY ("FAQ_NO")
  USING INDEX PCTFREE 10 INITRANS 2 MAXTRANS 255 COMPUTE STATISTICS 
  STORAGE(INITIAL 65536 NEXT 1048576 MINEXTENTS 1 MAXEXTENTS 2147483645
  PCTINCREASE 0 FREELISTS 1 FREELIST GROUPS 1 BUFFER_POOL DEFAULT FLASH_CACHE DEFAULT CELL_FLASH_CACHE DEFAULT)
  TABLESPACE "SYSTEM"  ENABLE;
  ALTER TABLE "EDR"."FAQ" MODIFY ("FAQ_CNT" NOT NULL ENABLE);
  ALTER TABLE "EDR"."FAQ" MODIFY ("FAQ_TITLE" NOT NULL ENABLE);
  ALTER TABLE "EDR"."FAQ" MODIFY ("FAQ_NO" NOT NULL ENABLE);
--------------------------------------------------------
--  Constraints for Table QNA
--------------------------------------------------------

  ALTER TABLE "EDR"."QNA" ADD CONSTRAINT "엔터티1_PK35" PRIMARY KEY ("QNO")
  USING INDEX PCTFREE 10 INITRANS 2 MAXTRANS 255 COMPUTE STATISTICS 
  STORAGE(INITIAL 65536 NEXT 1048576 MINEXTENTS 1 MAXEXTENTS 2147483645
  PCTINCREASE 0 FREELISTS 1 FREELIST GROUPS 1 BUFFER_POOL DEFAULT FLASH_CACHE DEFAULT CELL_FLASH_CACHE DEFAULT)
  TABLESPACE "SYSTEM"  ENABLE;
  ALTER TABLE "EDR"."QNA" MODIFY ("MNO" NOT NULL ENABLE);
  ALTER TABLE "EDR"."QNA" MODIFY ("REPLY_YN" NOT NULL ENABLE);
  ALTER TABLE "EDR"."QNA" MODIFY ("QCONTENTS" NOT NULL ENABLE);
  ALTER TABLE "EDR"."QNA" MODIFY ("QTITLE" NOT NULL ENABLE);
  ALTER TABLE "EDR"."QNA" MODIFY ("QNO" NOT NULL ENABLE);
  ALTER TABLE "EDR"."QNA" ADD CONSTRAINT "REPLY_YN" CHECK (REPLY_YN IN('Y', 'N')) ENABLE;
--------------------------------------------------------
--  Ref Constraints for Table CP_GUIDE_EST
--------------------------------------------------------

  ALTER TABLE "EDR"."CP_GUIDE_EST" ADD CONSTRAINT "CP_GUIDE_EST_FK" FOREIGN KEY ("MNO")
	  REFERENCES "EDR"."MEMBER" ("MNO") ENABLE;
--------------------------------------------------------
--  Ref Constraints for Table CP_REQUEST
--------------------------------------------------------

  ALTER TABLE "EDR"."CP_REQUEST" ADD CONSTRAINT "CP_REQUEST_FK" FOREIGN KEY ("MNO")
	  REFERENCES "EDR"."MEMBER" ("MNO") ENABLE;
  ALTER TABLE "EDR"."CP_REQUEST" ADD CONSTRAINT "CP_REQUEST_FK1" FOREIGN KEY ("LOCAL_NO")
	  REFERENCES "EDR"."LOCAL" ("LOCAL_NO") ENABLE;
--------------------------------------------------------
--  Ref Constraints for Table GP_DETAIL
--------------------------------------------------------

  ALTER TABLE "EDR"."GP_DETAIL" ADD CONSTRAINT "일반상세일정_FK" FOREIGN KEY ("GP_NO")
	  REFERENCES "EDR"."GP" ("GP_NO") ENABLE;
--------------------------------------------------------
--  Ref Constraints for Table GP_PRICEDETAIL
--------------------------------------------------------

  ALTER TABLE "EDR"."GP_PRICEDETAIL" ADD CONSTRAINT "일반추가요소_FK" FOREIGN KEY ("GP_NO")
	  REFERENCES "EDR"."GP" ("GP_NO") ENABLE;
--------------------------------------------------------
--  Ref Constraints for Table MESSAGE
--------------------------------------------------------

  ALTER TABLE "EDR"."MESSAGE" ADD CONSTRAINT "MESSAGE_FK" FOREIGN KEY ("RECEIVER")
	  REFERENCES "EDR"."MEMBER" ("MNO") ENABLE;
  ALTER TABLE "EDR"."MESSAGE" ADD CONSTRAINT "MESSAGE_FK1" FOREIGN KEY ("SENDER")
	  REFERENCES "EDR"."MEMBER" ("MNO") ENABLE;
--------------------------------------------------------
--  Ref Constraints for Table ORDERLIST
--------------------------------------------------------

  ALTER TABLE "EDR"."ORDERLIST" ADD CONSTRAINT "ORDER_FK1" FOREIGN KEY ("MNO")
	  REFERENCES "EDR"."MEMBER" ("MNO") ENABLE;
  ALTER TABLE "EDR"."ORDERLIST" ADD CONSTRAINT "주문_FK" FOREIGN KEY ("PNO")
	  REFERENCES "EDR"."PRODUCT" ("PNO") ENABLE;
--------------------------------------------------------
--  Ref Constraints for Table ORDER_DETAIL
--------------------------------------------------------

  ALTER TABLE "EDR"."ORDER_DETAIL" ADD CONSTRAINT "주문상세_FK" FOREIGN KEY ("PNO", "ORDER_NO")
	  REFERENCES "EDR"."ORDERLIST" ("PNO", "ORDER_NO") ENABLE;
--------------------------------------------------------
--  Ref Constraints for Table PRODUCT
--------------------------------------------------------

  ALTER TABLE "EDR"."PRODUCT" ADD CONSTRAINT "상품_FK1" FOREIGN KEY ("GP_NO")
	  REFERENCES "EDR"."GP" ("GP_NO") ENABLE;
--------------------------------------------------------
--  Ref Constraints for Table QNA
--------------------------------------------------------

  ALTER TABLE "EDR"."QNA" ADD CONSTRAINT "QNA_FK1" FOREIGN KEY ("MNO")
	  REFERENCES "EDR"."MEMBER" ("MNO") ENABLE;
--------------------------------------------------------
--  Ref Constraints for Table REPORT
--------------------------------------------------------

  ALTER TABLE "EDR"."REPORT" ADD CONSTRAINT "REPORT_FK" FOREIGN KEY ("RNAME")
	  REFERENCES "EDR"."MEMBER" ("MNO") ENABLE;
  ALTER TABLE "EDR"."REPORT" ADD CONSTRAINT "REPORT_FK1" FOREIGN KEY ("RTARGET")
	  REFERENCES "EDR"."MEMBER" ("MNO") ENABLE;
--------------------------------------------------------
--  Ref Constraints for Table REVIEW
--------------------------------------------------------

  ALTER TABLE "EDR"."REVIEW" ADD CONSTRAINT "REVIEW_FK1" FOREIGN KEY ("MNO")
	  REFERENCES "EDR"."MEMBER" ("MNO") ENABLE;
--------------------------------------------------------
--  Ref Constraints for Table WARNING
--------------------------------------------------------

  ALTER TABLE "EDR"."WARNING" ADD CONSTRAINT "WARING_HISRORY_FK" FOREIGN KEY ("MNO")
	  REFERENCES "EDR"."MEMBER" ("MNO") ENABLE;
  ALTER TABLE "EDR"."WARNING" ADD CONSTRAINT "경고이력_FK1" FOREIGN KEY ("RNO")
	  REFERENCES "EDR"."REPORT" ("RNO") ENABLE;
--------------------------------------------------------
--  Ref Constraints for Table WISHLIST
--------------------------------------------------------

  ALTER TABLE "EDR"."WISHLIST" ADD CONSTRAINT "WISHLIST_FK" FOREIGN KEY ("MNO")
	  REFERENCES "EDR"."MEMBER" ("MNO") ENABLE;
  ALTER TABLE "EDR"."WISHLIST" ADD CONSTRAINT "찜하기_FK1" FOREIGN KEY ("PNO")
	  REFERENCES "EDR"."PRODUCT" ("PNO") ENABLE;
